PMID1;Last_name1;Initials1;First_name1;PMID2;Last_name2;Initials2;First_name2;Authorship
3270068;Subjak;J;J;5479762;Subjak;J;J;NO
17200656;Stenkamp;DL;Deborah L;21742053;Stenkamp;DL;Deborah L;YES
12190408;Lisak;M;M;23564547;Lisak;M;M;NO
4078400;Nakamura;Y;Y;22705674;Nakamura;Y;Yoshinobu;NO
24814876;Piorunska-Stolzmann;M;Maria;26400882;Pioru?ska-Stolzmann;M;Maria;YES
20451353;Su;J;Juan;22715732;Su;J;Juan;NO
16554565;Peabody;TD;Terrance D;25187587;Peabody;TD;Terrance D;YES
6540470;Bartholom�;J;J;26358548;Bartholom�;J;J;NO
14823866;MOYER;IL;I L;20985771;MOYER;IL;I L;YES
26233955;Seror;R;Rapha�le;26359802;Seror;R;R;YES
13528840;VELLA;G;G;25917810;Vella;G;Grace;NO
8518278;Rousseau;DL;D L;23269673;Rousseau;DL;Denis L;YES
27590282;Viswanathan;A;Anand;27723863;Viswanathan;A;Anand;YES
26727383;Marsland;AL;Anna L;25918834;Marsland;AL;Anna L;YES
26494841;Perloff;S;Spenser;27790736;Perloff;S;S;NO
25176024;Rosestedt;M;Maria;24622956;Rosestedt;M;Maria;YES
4275384;Neil;GL;G L;5140018;Neil;GL;G L;YES
20711614;Nakamura;M;Minoru;24648611;Nakamura;M;Minoru;YES
27617044;Kaye;J;Jeffrey;24634565;Kaye;J;Jeffrey;YES
15351864;Ben Othman;T;Tarek;26757513;Ben Othman;T;Tarek;YES
17449219;Chemelle;M;Mathilde;18387274;Chemelle;M;Mathilde;YES
22970314;C�rdenas;ME;Martha E;22096812;C�rdenas;ME;M E;NO
10410710;Jackson;MJ;M J;27151350;Jackson;MJ;Marcia J;NO
24131858;Liu;W;Wen;23850472;Liu;W;Wen;NO
17976778;Young;M;Michael;22712861;Young;M;M;YES
10854444;Kimura;T;T;22700643;Kimura;T;Toru;NO
25394549;Tekg�nd�z;K?;Kadir ?erafettin;25483281;Tekg�nd�z;K?;Kadir ?erafettin;YES
21163054;Yang;YF;Yun-feng;21773793;Yang;YF;Yun-Feng;YES
22033037;Hammond-Martel;I;Ian;26578521;Hammond-Martel;I;Ian;YES
26663081;Trubbia;C;Cataldo;24369062;Trubbia;C;Cataldo;YES
7137163;Ali;MA;M A;27876611;Ali;MA;Mohamed A;NO
20194976;Schwartz;MB;Marlene B;22709812;Schwartz;MB;Marlene B;YES
26313096;Matousek;A;Alexi;22115214;Matousek;A;Alexi;YES
10444094;Buckeridge;MS;null;10729610;Buckeridge;MS;null;YES
25868580;Jee;BC;Byung-Chul;23875166;Jee;BC;Byung Chul;YES
22517639;Yang;M;Meihua;25195673;Yang;M;Meihua;YES
25330356;Bola�o;S;S;22786661;Bola�o;S;Sandra;YES
23307591;Hesp;CR;Colin R;26417922;Hesp;CR;Colin R;YES
8265151;Tang;CY;C Y;21749690;Tang;CY;Chuan Yi;NO
8414026;Lenoir;GM;G M;22012259;Lenoir;GM;Gilbert M;YES
24822784;Bloch;JH;J H;13971676;BLOCH;JH;J H;NO
3262073;Fuith;LC;L C;27358381;Fuith;LC;L C;YES
26458926;Jiang;XJ;Xian-Jun;25722059;Jiang;X;Xianjun;NO
13700381;FLORMAN;AL;A L;21013783;FLORMAN;AL;A L;YES
8920364;Jones;KR;K R;27149673;Jones;KR;Kendall R;NO
1723163;Oguro;K;K;26427615;Oguro;K;Kaku;NO
7374096;Weihrauch;TR;T R;12945548;Weihrauch;TR;Thomas R;YES
23762763;Goyal;A;Arun;25191069;Goyal;A;A;NO
14529660;Sonnik;D;D;15701270;Sonnik;D;Deborah;YES
24082030;Tumer;TB;Tugba Boyunegmez;21983886;Tumer;TB;Tugba Boyunegmez;YES
25147876;Xiong;C;Caiqiao;24650149;Xiong;C;Caiqiao;YES
2112659;Sato;Y;Y;27876660;Sato;Y;Yuichi;NO
8244403;Solomon;E;E;27872498;Solomon;E;E;YES
27474755;Yue;N;Natasha;27420971;Yue;N;N;NO
291442;Benz;EJ;E J;23874003;Benz;EJ;Edward J;YES
13861788;ANTON;M;M;27132004;Anton;M;Milan;NO
13366497;STERBA;E;E;21004317;STERBA;E;E;YES
6194964;Gharib;A;A;25921868;Gharib;A;Alma;NO
18427927;Zoumpanioti;M;M;25061848;Zoumpanioti;M;Maria;YES
12941886;Ley;V;Victoria;11708597;Ley;V;V;YES
2735922;Kitagawa;S;S;27877934;Kitagawa;S;Susumu;NO
16963588;Tsai;DH;David H;18661963;Tsai;DH;D-H;NO
9629322;Romaldini;CC;C C;22087118;Romaldini;CC;Ceres Concilio;YES
7011907;Khromchenko;OM;O M;14176734;KHROMCHENKO;OM;O M;YES
19167565;DeCeukelaire;W;Wim;26766863;De Ceukelaire;W;Wim;YES
8932482;Parent;M;M;22067612;Parent;M;Mathieu;NO
19056311;Wei;S;Shaohua;22728237;Wei;S;Shaohua;YES
15164436;Durand-Stocco;C;C;12724986;Durand-Stocco;C;C�cile;YES
4537002;Wallraff;HG;H G;25346789;Wallraff;HG;Hans G;YES
15158263;Lepercq;P;Pascale;27142817;Lepercq;P;Pascale;YES
6645451;Kitney;RI;R I;26854090;Kitney;RI;Richard I;YES
18375924;Li;ZB;Zi-bo;27877235;Li;Z;Zibo;YES
10751437;Nakamura;S;S;25925294;Nakamura;S;Satoaki;NO
1846671;Yamagishi;M;M;27884179;Yamagishi;M;Masakazu;NO
18119694;HEAVENRICH;RM;R M;13712628;HEAVENRICH;RM;R M;YES
22215680;Mohammed-Ali;Z;Zahraa;27135434;Mohammed-Ali;Z;Zahraa;YES
2565680;Das;SK;S K;23870512;Das;SK;Swadesh K;NO
25029282;Can�;C;Carles;22476056;Cane;C;Carles;YES
27586194;Manintveld;OC;O C;24236960;Manintveld;OC;Olivier C;YES
5823804;Shuster;S;S;21750051;Shuster;S;Sam;YES
17972299;Quarles;FB;Frankie B;17457845;Quarles;FB;Frankie B;YES
23531676;Panov;IO;I O;21983473;Panov;IO;I O;YES
2739251;Aldeshev;AA;A A;6656143;Aldeshev;AA;A A;YES
14371462;USARRALDE;HN;H N;13840504;USARRALDE;HN;H N;YES
17617104;Onar;V;V;26339814;Onar;V;V;YES
2668143;Peters;UH;U H;13949790;PETERS;UH;U H;YES
26369952;Voglmeir;J;Josef;26340137;Voglmeir;J;Josef;YES
20170014;Fujimoto;T;Tsuguto;22078111;Fujimoto;T;Tsuguto;YES
845273;Stephens;M;M;27879490;Stephens;M;Maximilian;NO
26074030;Pattanayak;M;Manabendra;22842178;Pattanayak;M;M;NO
20034187;Johnson;SL;Shawana Lewis;27158636;Johnson;SL;S L;NO
27278490;Tanaka;N;Naohiko;21769288;Tanaka;N;N;NO
20735322;Richard;C;Celine;27152608;Richard;C;C;NO
24703899;Seruga;B;Bostjan;22703833;Seruga;B;Bostjan;YES
12582187;Upegui;L;Le�n;2150163;Upegui;L;L;NO
5511535;Camphyn;R;R;13114776;CAMPHYN;R;R;YES
9195894;Handen;JS;J S;11790609;Handen;JS;Jeffrey S;YES
22681916;Brustad;M;Magritt;24644045;Brustad;M;Magritt;YES
6813342;Wu;MC;M C;27887572;Wu;MC;Michael C;NO
15279944;Jiang;LF;Li-Fang;27939945;Jiang;LF;Li-Fang;YES
26345077;Desouky;AY;Abdelrazek Y;19557435;Desouky;AY;A Y;YES
22052325;Qureshi;SA;Samera Azeem;25373318;Qureshi;SA;S A;NO
24949968;Gao;P;Peng;25914483;Gao;P;Peng;NO
27788490;Tang;Z;Zhongshu;25166705;Tang;Z;Z;NO
24841196;Sivaprakasam;V;Venkat;22843698;Sivaprakasam;V;V;YES
24407619;Bartell;RJ;R J;24407457;Bartell;RJ;R J;YES
20216863;Soures;J;J;20134633;Soures;J;J;YES
15945557;Wall;HK;Hilary K;22695459;Wall;HK;Hilary K;YES
18395456;Bouchier;D;D;27142097;Bouchier;D;Daniel;YES
20287320;CARTER;M;M;27879188;Carter;M;Mary;NO
21531135;Ahn;SK;Soon Kil;21764572;Ahn;SK;S-K;NO
1640273;Krause;KD;K D;27875833;Krause;KD;Kristen D;NO
16437515;Lumsden;MA;M A;23848489;Lumsden;MA;M A;YES
1799695;Vigers;AJ;A J;23129644;Vigers;AJ;Alison J;YES
1866791;Sidorenko;NV;N V;22332415;Sidorenko;NV;N V;YES
23583317;Mantawy;MM;Mona M;22338550;Mantawy;MM;M M;YES
443625;Schoenberg;JB;J B;18537156;Schoenberg;JB;Janet B;YES
17875526;Stachura;J;Jerzy;25231886;Stachura;J;Jerzy;YES
1584377;O'Neill;BP;B P;21742680;O'Neill;BP;Brian Patrick;YES
13100892;FERNANDEZCRIADO;M;M;14949560;FERNANDEZ CRIADO;M;M;YES
17145142;Quirino;CR;C R;27743687;Quirino;CR;C R;YES
11654217;Landrum;RE;R Eric;21526606;Landrum;RE;R Eric;YES
24856031;Rahimtoola;SH;Shahbudin H;21757165;Rahimtoola;SH;Shahbudin H;YES
13466465;VIDAL PEREZ;S;S;13389954;VIDAL PEREZ;S;S;YES
9865274;Baan;CC;C C;27891189;Baan;CC;Carla C;YES
3556223;Al-Roubaie;AM;A M;3525239;Al-Roubaie;AM;A M;YES
7659892;Mu�oz;S;S;26340407;Mu�oz;S;Sergio;NO
27398226;Jenkins;EL;Emma L;26351323;Jenkins;EL;Emma L;NO
26757026;Simhon;D;David;11573230;Simhon;D;D;YES
12634141;Yacovac;R;Rebecca;12634138;Yacovac;R;Rebecca;YES
25242241;Garc�a-Rivero;A;Ar�nzazu;25057114;Garc�a-Rivero;A;Ar�nzazu;YES
4353713;Tefft;M;M;13957557;TEFFT;M;M;YES
13764642;PANTELEEVA;NS;N S;13499474;PANTELEEVA;NS;N S;YES
24914072;Schmidt-Lauber;C;Christian;27635733;Schmidt-Lauber;C;C;NO
14528301;Marin;M;Mariana;21741114;Mar�n;M;M;NO
2375613;Ornati;G;G;9605412;Ornati;G;G;YES
1640930;Singh;P;P;27871351;Singh;P;Parmvir;NO
13225254;DELEGUE;L;L;13509757;DELEGUE;L;L;YES
18618126;Wong;D;D;27886170;Wong;D;Dillon;NO
16946994;Hellstr�m Pigg;M;M;27404500;Hellstr�m Pigg;M;Maritta;YES
26451116;Liu;QH;Qiu-Hong;25476822;Liu;QH;Q H;NO
20400840;Cotte;M;M;24575974;Cotte;M;Marine;YES
25712238;Ikingura;J;Joyce;19912281;Ikingura;J;Joyce;YES
19719226;Jones;CM;Christina M;26349465;Jones;CM;Christina M;YES
8784787;Piper;M;M;27878595;Piper;M;Michael;NO
1835265;Odysseos;AD;A D;24261831;Odysseos;AD;Andreani D;YES
2081219;McConnell;ME;M E;23849105;McConnell;ME;Michael E;YES
20533726;Viner-Brown;S;Samara;25181740;Viner-Brown;S;Samara;YES
26483463;Sun;J;Jun;27875307;Sun;J;Jun;NO
1511516;Guillam�n;A;A;24617977;Guillamon;A;Antonio;YES
27164265;Balseiro;CA;Carlos A;20538943;Balseiro;CA;C A;YES
7870053;Li;M;M;26354237;Li;M;Mengshi;NO
25010365;Rao;SX;Sheng-Xiang;22695786;Rao;S;Shengxiang;YES
22155198;Straub;RH;Rainer H;22077951;Straub;RH;Rainer H;YES
22132221;Xie;HJ;Hong Jian;27158389;Xie;HJ;Hong-Jian;NO
7935115;Lipson;T;T;8924315;Lipson;T;T;YES
26533056;Urbinati;D;D;26532913;Urbinati;D;D;NO
4152894;Scherer;WF;W F;18919943;SCHERER;WF;W F;YES
2374862;Lepoittevin;L;L;7812861;Lepoittevin;L;L;YES
15608615;Schleicher;M;Michael;27449023;Schleicher;M;Michael;NO
279555;Kisling;E;E;25871597;Kisling;E;Elizabeth;NO
19560176;Prasad;R;R;22085249;Prasad;R;Rajendra;NO
3325858;Gifuni;D;D;8170606;Gifuni;D;D;YES
3714113;Senjo;M;M;4085969;Senjo;M;M;YES
1961921;H�fker;T;T;9545520;H�fker;T;T;YES
11006906;Davies;I;I;23872250;Davies;I;Ian;NO
26319955;Shah;SM;Syed M;25908486;Shah;SM;Syed M;NO
17996435;Rabe;KF;Klaus F;27442601;Rabe;KF;Klaus F;YES
11121287;Gonz�lez-Mart�n;ML;null;10534386;Gonz�lez-Mart�n;ML;null;YES
11054506;Chen;JW;J W;24620678;Chen;JW;Jian-Wei;NO
21814669;Horchani;R;R;23215275;Horchani;R;R;YES
8803494;Zhang;YT;Y T;27873572;Zhang;YT;Y-T;NO
17635499;Stavros;F;Fiona;25651363;Stavros;F;Fiona;YES
19540432;Wickwire;K;Kathie;24613380;Wickwire;K;Kathie;YES
6705990;Moll;E;E;27887970;Moll;E;Ethan;NO
14335502;NACHEV;ChK;Ch K;14069339;NACHEV;ChK;Ch K;YES
4817701;Lev;M;M;26586303;Lev;M;Mally;NO
20551589;Ishikawa;Y;Yoshihiro;24632710;Ishikawa;Y;Yoshihiro;YES
24639465;Zankel;A;Armin;22112943;Zankel;A;Armin;YES
23571976;Puttnam;BJ;B J;22453433;Puttnam;BJ;Ben J;YES
23102918;Luxemburger;U;Uli;21042279;Luxemburger;U;U;YES
24082796;Parker;J;Jack;27440627;Parker;J;J;NO
24364245;Mitsyn;GV;G V;26035995;Mitsyn;GV;G V;YES
2324584;Ueda;T;T;22094810;Ueda;T;Takuya;NO
14736669;Felderman;H;Howard;19062229;Felderman;H;Howard;YES
14873361;HICKEY;FC;F C;14912833;HICKEY;FC;F C;YES
26873596;Menon;M;Mani;23849569;Menon;M;Mani;YES
11852713;Rancour;P;Patrice;27170647;Rancour;P;Patrice;YES
9373051;Mokri;B;B;25191494;Mokri;B;Bahareh;NO
10248072;Oltman;RM;R M;10298527;Oltman;RM;R M;YES
24199368;Pauly;BM;B M;22446885;Pauly;BM;Bernadette M;YES
6705743;Denton;DA;D A;21746918;Denton;DA;Derek A;YES
24279984;Zambrano;N;N;23281225;Zambrano;N;Nicola;NO
11457174;Zhou;ZY;Z Y;26351670;Zhou;ZY;Zhen-Yu;NO
7238955;Lasek;W;W;24567769;Lasek;W;W?adys?aw;NO
22678866;Zhang;R;Riping;24634173;Zhang;R;R;NO
23112277;Bouchoud;L;Lucie;20172679;Bouchoud;L;Lucie;YES
8184526;Beseda;I;I;24431238;Beseda;I;Igor;NO
10049262;Nakamura;K;K;23275644;Nakamura;K;Kenichi;NO
26058683;Hunger;B;B;23474867;Hunger;B;B;NO
4302514;Miller;LD;L D;27871313;Miller;LD;Lance D;NO
11859832;P�rez Falero;RA;R A;22936098;P�rez Falero;RA;R A;NO
2251550;Kuznetsov;VP;V P;26009082;Kuznetsov;VP;V P;YES
3744143;Walzer;LR;L R;12073192;Walzer;LR;L R;YES
26924580;Walker;ED;Edward D;23270158;Walker;ED;Edward D;YES
27195320;Jeon;SS;Seong Soo;23878683;Jeon;SS;Seong Soo;YES
19330877;Jakob-Roetne;R;Roland;22349227;Jakob-Roetne;R;Roland;YES
5102112;Sampson;JR;J R;24632604;Sampson;JR;J R;NO
20434998;Luchino;J;Jonathan;24139859;Luchino;J;Jonathan;YES
19945963;Vandermaelen;A;Aline;24359040;Vander Maelen;A;A;NO
25975987;Park;MV;Margriet V D Z;26050605;Park;MV;Margriet V D Z;YES
6145086;Sakurai;J;J;25910247;Sakurai;J;Jun;YES
4057728;Grishkiavichius;AP;A P;3546925;Grishkiavichius;AP;A P;YES
14674618;Imam;NA;N A;25514089;Imam;NA;Nuvair A;YES
20382363;Smith;G;Glen;23866811;Smith;G;G;NO
22432892;Fratila;RM;Raluca M;21391818;Fratila;RM;Raluca M;YES
26103446;Khan;MJ;Michelle J;25912864;Khan;MJ;M J;NO
26116695;Molina-Carrion;M;Marjorie;19183935;Molina-Carrion;M;M;YES
27529684;Herz;K;Klaus;26206119;Herz;K;K;NO
4895576;Krikler;DM;D M;18610378;Krikler;DM;D M;YES
22517215;Werneke;MW;Mark W;24253786;Werneke;MW;Mark W;YES
13562331;TONNIS;D;D;13985510;TONNIS;D;D;YES
23360570;Bergkvist;C;Charlotte;26690540;Bergkvist;C;Charlotte;YES
23574358;Ariga;K;Katsuhiko;22715877;Ariga;K;Katsuhiko;YES
11127701;Scott;DM;D M;23862295;Scott;DM;Denise M;NO
223341;Schulz;HJ;H J;27942089;Schulz;HJ;H-J;NO
22293285;De Santis;EP;E P L;26481316;De Santis;EP;E P L;YES
1491901;Ochi;M;M;24647852;Ochi;M;Mitsuo;NO
17966949;Totan;C;C;21141093;Totan;C;C;YES
19660964;Benter;T;Thorsten;21769956;Benter;T;Thorsten;YES
4622441;Hance;HE;H E;13899658;HANCE;HE;H E;YES
5828186;Sachse;H;H;18891388;SACHSE;H;H;YES
106644;Banner;MP;M P;12395252;Banner;MP;M P;YES
7145250;Meldrum;DR;D R;22072232;Meldrum;DR;D R;NO
2662425;Tur'ianov;AKh;A Kh;19385121;Tur'ianov;AKh;A Kh;YES
14853906;MURAZ;null;null;18856641;MURAZ;null;null;YES
1120281;Dz�rikov�;V;V;14275925;DZURIKOVA;V;V;YES
25171282;Mendrinos;S;Savvas;26585946;Mendrinos;S;Savvas;YES
17173813;Gens Barber�;M;Montserrat;19187842;Gens Barber�;M;Montserrat;YES
14050393;ZABLOCKA;I;I;13674961;ZABLOCKA;I;I;YES
18347318;Hardiess;G;G;27442810;Hardiess;G;Gregor;YES
17016911;Suborova;TN;T N;25286587;Suborova;TN;T N;YES
23554145;V�nky;F;Farkas;22721612;Vanky;F;Farkas;YES
22197208;Kobayashi;Y;Yuki;27434533;Kobayashi;Y;Y;NO
26404713;Hodes;GE;Georgia E;22781845;Hodes;GE;Georgia E;YES
16447256;De Paola;B;B;19458137;De Paola;B;B;YES
25319024;Laporte;N;Nadine;26106897;Laporte;N;Nadine;YES
12628878;Kornmann;O;Oliver;24657236;Kornmann;O;Oliver;YES
27040798;Desch�nes;SS;Sonya S;24579760;Desch�nes;SS;Sonya S;YES
20839654;Spinelli;M;M;26359768;Spinelli;M;Maria;NO
21150564;Botros;M;Maikel;22933976;Botros;M;Maikel;YES
1488032;Rabe;A;A;22082658;Rabe;A;Ausma;YES
12004326;Egan;CA;Conleth A;24421864;Egan;CA;Conleth A;YES
27448830;Pellegrini;M;Marco;21744249;Pellegrini;M;M;NO
19855429;Favre;G;G;27434673;Favre;G;Gilles;YES
25699448;Flechsig;U;U;26872175;Flechsig;U;Uwe;YES
1823141;Gibbs;ME;M E;26778984;Gibbs;ME;Marie E;YES
16050899;Viettro;L;Lorena;13680358;Viettro;L;L;YES
23745176;Huang;Z;Zhiqing;27881002;Huang;Z;Z;NO
15596429;Gunawardana;D;Dilantha;27151193;Gunawardana;D;Dilantha;YES
2653520;McVie;G;G;27563354;McVie;G;Gordon;YES
16331477;Boller;B;Beat;23450773;Boller;B;Beat;YES
8666948;Watanabe;S;S;23291178;Watanabe;S;Satoru;NO
2863950;Patel;YC;Y C;18406829;Patel;YC;Y C;YES
19672889;Radbruch;A;Andreas;22727274;Radbruch;A;Andreas;YES
19742058;Goetzmann;L;Lutz;27139224;Goetzmann;L;Lutz;YES
26444002;Poppinga;S;Simon;22126741;Poppinga;S;S;YES
25009261;Martinez;J;Jennifer;25196202;Mart�nez;J;J;NO
21468525;Radaeli;Rde F;Rafael de Figueiredo;22389831;Radaeli;Rde F;Rafael de Figueiredo;YES
2148524;MacDonald;TT;T T;25174402;MacDonald;TT;T T;YES
10374614;Wang;S;S;22093418;Wang;S;Shuang;NO
20054694;Slomiany;U;U;23648804;Slomiany;U;Uta;YES
14182356;TAUBKIN;RL;R L;5985149;Taubkin;RL;R L;YES
27230600;Kulkarni;R;Renu;25912075;Kulkarni;R;R;NO
11484455;Besson-L�aud;L;L;25352052;Besson-Leaud;L;Laurent;YES
9795855;Ohno;S;S;22729107;Ohno;S;Seiichiro;NO
19574165;Hoover;RC;Randy C;15979242;Hoover;RC;R C;NO
7803465;Basco;R;R;20499532;Basco;R;Roselyne;NO
23525306;Mello;MT;Marco T�lio de;25714882;Mello;MT;M T;YES
3685286;Sarembe;B;B;14344891;SAREMBE;B;B;YES
21483740;Zaravinos;A;Apostolos;24621579;Zaravinos;A;Apostolos;YES
19194512;Faye;G;G�rard;22003574;Faye;G;G;YES
7264361;L�ngle;U;U;23091169;L�ngle;U;Ulrich;NO
15122264;Perfettini;JL;Jean-Luc;23852373;Perfettini;JL;J-L;YES
24334177;Lizano-D�ez;I;Irene;23594888;Lizano-D�ez;I;I;YES
3457900;Szerlip;L;L;18856517;SZERLIP;L;L;YES
17088318;Babon;JJ;Jeffrey J;23296720;Babon;JJ;Jeffrey J;YES
22727039;Napier;TC;T C;25185214;Napier;TC;T Celeste;YES
4814906;Saul;RE;R E;18204254;Saul;RE;Ronald E;YES
9522001;Sonne;SC;S C;22065255;Sonne;SC;Susan C;YES
13446866;SCANSETTI;G;G;22358690;Scansetti;G;G;YES
18165742;Denaro;V;Vincenzo;23860809;Denaro;V;V;YES
24956929;Rai;RK;R K;27878777;Rai;RK;Rajesh Kumar;NO
7671452;Azzolini;U;U;18887387;AZZOLINI;U;U;NO
11824668;Sees;DW;D W;11952254;Sees;DW;David W;YES
5326016;Mihalca;E;E;13500003;MIHALCA;E;E;YES
21361754;Liu;JC;John C;22063354;Liu;JC;J C;NO
20043984;S�rensen;JC;Jens Christian;24268112;S�rensen;JC;Jens Christian;YES
26148604;Liu;C;Chengxin;21750950;Liu;C;C;NO
13263055;BARNDT;RJ;R J;24552815;Barndt;RJ;Robert J;NO
2716317;Adams;RF;R F;21415304;Adams;RF;R F;NO
10330145;Beley;C;C;23864287;Beley;C;Cyriaque;YES
11421926;Eiras;A;A;27932143;Eiras;A;A;YES
7513468;Shuldiner;AR;A R;22068335;Shuldiner;AR;Alan R;YES
13862536;SOMANI;P;P;27151116;Somani;P;Piyush;NO
27928731;Cugat;R;R;26401169;Cugat;R;Ram�n;YES
2481288;Milchak;MA;M A;22339480;Milchak;MA;Marissa A;NO
27585202;Kwinecki;P;Pawe?;20648438;Kwinecki;P;Pawe?;YES
12634475;Beeton;C;Christine;22074915;Beeton;C;Christine;NO
22405832;Hsieh;Y;Yunsheng;22163081;Hsieh;Y;Yh;NO
6249007;Grauthoff;H;H;19016015;Grauthoff;H;Hermann;NO
17963524;Larsson;E;Erik;22080442;Larsson;E;Erik;NO
9570970;Polatti;A;A;9626340;Polatti;A;A;YES
27939979;Sierra-Mercado;D;Demetrio;27445148;Sierra-Mercado;D;Demetrio;YES
23707036;Wittau;N;N;25823366;Wittau;N;N;YES
26783700;Yoon;JH;Jong H;22705993;Yoon;JH;J-H;NO
18928846;Lee;JK;Jin-Kyung;27884515;Lee;JK;Jin Kyung;NO
21555368;Dong;HL;Hai-Long;22713619;Dong;HL;Hai-Long;YES
1225477;Georgakas;G;G;4806162;Georgakas;G;G;YES
10651993;Shimizu;H;H;21768490;Shimizu;H;Hideki;NO
11838786;Hendry;AP;A P;26356531;Hendry;AP;A P;YES
19284260;Palmer;JL;J Lynn;22072272;Palmer;JL;J Lynn;YES
1357891;Davis;MJ;M J;27892462;Davis;MJ;Michael J;NO
11164135;Ito;M;M;27890582;Ito;M;Michiho;NO
3682051;Doyle;PJ;P J;22729711;Doyle;PJ;Patrick J;NO
18339199;Spencer;AF;A Fiona;22094303;Spencer;AF;A F;YES
7146738;Strubel-Streicher;D;D;7221329;Strubel-Streicher;D;D;YES
12795099;Nishikawa;K;Kiyohiro;27142170;Nishikawa;K;K;YES
23810381;Lupski;JR;James R;27880765;Lupski;JR;James R;YES
25894142;Ensaro?lu;F;Fatih;26640927;Ensaro?lu;F;Fatih;YES
7734564;Balaguer;G;G;20954057;Balaguer;G;Gemma;NO
12208873;Pollefeyt;S;Saskia;12145814;Pollefeyt;S;Saskia;YES
1878624;Macintyre;S;S;27889953;MacIntyre;S;Sally;YES
25058915;Achmadi;D;Donna;21958010;Achmadi;D;Donna;YES
8529380;Heintz;B;B;22607519;Heintz;B;Bernhard;YES
19416605;Benavent;J;Jaume;21925914;Benavent;J;J;YES
17599560;Nelson;M;Michael;25182060;Nelson;M;M;NO
14579244;Metz;JA;Johan A J;26831873;Metz;JA;Johan A J;YES
3265510;Kahaly;G;G;26359308;Kahaly;G;George;YES
18369321;Delluc-Clavi�res;A;A;19561198;Delluc-Clavi�res;A;Aur�lie;YES
22800994;Benavides;KL;Kristin L;21797657;Benavides;KL;Kristin L;YES
3590142;Green;J;J;25926023;Green;J;James;NO
23442775;Quick;HH;Harald H;27153162;Quick;HH;Harald H;YES
14971482;Lai;CH;Cheng-Hsun;24625378;Lai;CH;C-H;NO
5783226;Bostwick;S;S;25169164;Bostwick;S;Susan;YES
12650271;Corr;WP;William P;25357138;Corr;WP;William P;YES
22916424;Werber;A;Andreas;27417632;Werber;A;Andreas;YES
25544508;Guaoua;S;Soukaina;25186005;Guaoua;S;Soukaina;YES
14517420;Smith;K;K;27869600;Smith;K;Kirk;NO
27436723;Liu;L;Lin;27147070;Liu;L;Li;NO
21557989;Giniatullin;AR;A R;25725358;Giniatullin;AR;A R;YES
23105587;Singh;R;Ritu;27871201;Singh;R;Ritu;YES
17258608;Frazier;OH;O H;22093502;Frazier;OH;O H;YES
9927550;Glover;GH;G H;21775513;Glover;GH;Gary H;YES
19842642;Videtta;V;Valeria;23249172;Videtta;V;Valeria;YES
26010570;Obholzer;ND;Nikolaus D;23622240;Obholzer;ND;Nikolaus D;YES
7946127;P�rez Llarena;FJ;F J;23877692;P�rez-Llarena;FJ;Francisco Jos�;YES
18853141;Dermine;H;Herv�;25238252;Dermine;H;Herv�;YES
11109184;Mossialos;E;E;25170308;Mossialos;E;Elias;YES
14799668;SHEINMEL;A;A;14903286;SHEINMEL;A;A;YES
9833087;Carbognani;D;D;22562774;Carbognani;D;Daniel;YES
13805279;BRUNE;J;J;26092456;Brune;J;Justine;NO
27655410;Bae-Jump;VL;Victoria L;25820366;Bae Jump;VL;Victoria L;YES
5073511;Majewski;J;J;25899773;Majewski;J;Jacek;NO
16821881;Hashemianzadeh;M;Majid;20672817;Hashemianzadeh;M;Majid;YES
2289876;Ragni;P;P;25178927;Ragni;P;Pietro;NO
16989750;Bu;CY;Cong-ya;21510182;Bu;CY;C Y;NO
21227968;Rowthorn;R;Robert;27837260;Rowthorn;R;Robert;YES
27714914;Nurock;S;Shirley;21764118;Nurock;S;Shirley;YES
25433810;Garc�a-Jim�nez;I;Inmaculada;20171151;Garc�a Jim�nez;I;I;YES
676954;Gerken;K;K;23785065;Gerken;K;Katherine;NO
19329581;Finster;KW;Kai Waldemar;12685705;Finster;KW;Kai Waldemar;YES
24230975;Yu;Y;Yingxin;27152646;Yu;Y;Yu;NO
12799630;Cui;R;R;27878241;Cui;R;Rui;NO
6705082;Strazovcov�;A;A;9264816;Strazovcov�;A;A;YES
20573799;Chiuve;SE;Stephanie E;25179639;Chiuve;SE;Stephanie E;YES
10940297;Martemyanov;KA;K A;26364547;Martemyanov;KA;Kirill A;YES
16599134;Ding;LQ;Li-Qiang;27220577;Ding;LQ;L Q;NO
6207003;Van Hees;J;J;24681953;Van Hees;J;J;NO
8366326;Szeszulski;PA;P A;24233634;Szeszulski;PA;P A;YES
6439692;Allevato;PA;P A;26024949;Allevato;PA;Pat A;YES
7003373;Shahin;M;M;27135031;Shahin;M;Mojtaba;NO
17978476;Okumura;H;Hidenobu;22093149;Okumura;H;H;NO
15363675;Leloup;JC;Jean-Christophe;22841722;Leloup;JC;J-C;YES
20071840;Pokharel;S;S;27145864;Pokharel;S;Sunil;NO
5790387;Berger;AE;A E;27491898;Berger;AE;Alan E;NO
23833178;Al-Haroni;M;Mohammed;27766095;Al-Haroni;M;Mohammed;YES
8117382;Cignarella;G;G;19291736;Cignarella;G;Giorgio;YES
22982618;Inada;H;Hiroshi;23661941;Inada;H;H;NO
23919146;Rubio;C;Cynthia;24559016;Rubio;C;C;NO
25919429;Bierlein;MJ;Maggie J;27662220;Bierlein;MJ;Maggie J;YES
25304487;Ahmed;MR;Md Rafique;26929261;Ahmed;MR;M R;NO
15100447;Rios;Z;Zonia;17297038;Rios;Z;Zonia;YES
24726472;Jarrett;K;Kelsey;17458751;Jarrett;K;K;NO
22560477;Le Sou�f;P;Peter;22702533;Le Souef;P;P;YES
6492061;Giesecke;WH;W H;16726970;Giesecke;WH;W H;YES
21524305;Zeile;M;Martin;27730840;Zeile;M;Martin;YES
22040958;Wang;YZ;Ya-Zhe;22723066;Wang;YZ;Y Z;NO
18417175;Iwagawa;T;Tetsuo;21742354;Iwagawa;T;Tetsuo;YES
10233135;Pierzga;JM;J M;12433866;Pierzga;JM;Jane M;YES
21627612;Polonskaia;IaV;Ia V;22839584;Polonskaia;IaV;Ia V;YES
16517951;Lee;A;Amy;24631676;Lee;A;A;NO
22660484;Gonzalez;AP;Andrea P;25923820;Gonz�lez;AP;Andrea P;YES
20962032;Geduhn;J;Jens;21498658;Geduhn;J;Jens;YES
11189164;Gao;H;H;25907788;Gao;H;Haijun;NO
18352260;Lazzizzera;I;I;25166980;Lazzizzera;I;I;YES
13992858;RUSSO;A;A;23848525;Russo;A;Antonio;NO
19491863;B�hmer;CJ;Clarisse J M;26104750;B�hmer;CJ;Clarisse J M;YES
12384343;Bagge;N;Niels;12881415;Bagge;N;Niels;YES
18969529;Ramos;LP;Luiz P;26943936;Ramos;LP;L P;YES
21683695;Hausburg;M;Melissa;27613088;Hausburg;M;Melissa;YES
26885940;Bennett;TD;Thomas D;27144237;Bennett;TD;Thomas D;YES
25445691;Church;JS;Jeffrey S;27447623;Church;JS;Jeffrey S;YES
21773129;Nelson;JH;J H;27157000;Nelson;JH;James H;NO
17381838;Kendziorski;CM;Christina M;22628617;Kendziorski;CM;Christina M;YES
25000570;Xia;Y;Yang;27882224;Xia;Y;Yang;NO
11834061;Nardi;C;Carmela;26102739;Nardi;C;C;NO
281744;Nesbitt;T;T;27566598;Nesbitt;T;Thomas;NO
15108215;Terrosi-Vagnoli;P;P;12494443;Terrosi-Vagnoli;P;P;YES
1967198;Grisanti;JM;J M;8478888;Grisanti;JM;J M;YES
26571057;Yu;R;Risheng;27870390;Yu;R;R;NO
23552736;Pellecchia;A;A;21915839;Pellecchia;A;A;NO
10787043;Shankar;SK;S K;21743179;Shankar;SK;S K;YES
18942880;Maspoch;D;Daniel;27891752;Maspoch;D;Daniel;YES
19306935;Huang;Y;Yalin;27895402;Huang;Y;Yi;NO
7466789;Zappacosta;S;S;16410832;Zappacosta;S;Serafino;YES
12847554;Stover;CM;C M;22070931;Stover;CM;Cordula M;YES
20508941;Beckers;PJ;Paul J;25464446;Beckers;PJ;Paul J;YES
6700768;Mravunac;M;M;18547028;Mravunac;M;M;YES
9028817;Perz;CA;C A;18314473;Perz;CA;Catherine A;YES
24702934;Hamaker;BR;Bruce R;25715909;Hamaker;BR;Bruce R;YES
441478;Fuentes Otero;FJ;F J;6656423;Fuentes Otero;FJ;F J;YES
8973623;Tytgat;GN;G N;23282303;Tytgat;GN;G N;YES
24277679;Schauer;D;Dominic;21769073;Schauer;D;D;NO
22908308;Wu;XS;Xufeng S;27791032;Wu;XS;Xufeng S;YES
3227264;Lassen;NA;N A;20465478;Lassen;NA;N A;YES
27867114;Karol;H;Halina;22225692;Karol;H;H;YES
3801091;Fraumeni;JF;J F;25185241;Fraumeni;JF;J F;YES
27387375;Hoang;VC;V C;24435653;Hoang;VC;Van C;NO
21237636;van Riet;Y;Y;24970786;van Riet;Y;Yvonne;YES
22280743;Gross;EK;E K U;24647840;Gross;EK;E K U;YES
9527752;Schneider;MC;M C;25186932;Schneider;MC;Marielle Cristina;NO
24615328;Lee;YC;Yuan-Chin Amy;24625972;Lee;YC;Y C;NO
2087733;Gengler;P;P;5253371;Gengler;P;P;YES
22644537;Ackerl;M;Michael;24441743;Ackerl;M;Michael;YES
18239167;Laaksamo;E;Elisa;21438347;Laaksamo;E;Elisa;YES
17682990;Caruso;TJ;Thomas J;26913106;Caruso;TJ;Thomas J;YES
9071211;Wang;LF;L F;27878389;Wang;LF;Li-Fu;NO
3236808;Rusakov;VM;V M;14487787;RUSAKOV;VM;V M;YES
853575;Otaki;N;N;23874637;Otaki;N;Natsuki;NO
14119919;WUESTENBERG;J;J;25254522;Wuestenberg;J;Johanna;NO
26704782;Divino;CM;Celia M;23851438;Divino;CM;Celia M;YES
10478774;Polkinghorn;BS;B S;19674572;Polkinghorn;BS;Bradley S;YES
8809840;Winkler;H;H;25898996;Winkler;H;H;NO
19856655;Moon;SM;Sun Mi;24639968;Moon;SM;Sun Mi;YES
12746554;Zu;ZX;Zhen-Xiang;12812066;Zu;ZX;Zhen-Xiang;YES
14573602;Zhu;C;Cheng;25906757;Zhu;C;C;NO
13487553;SURMONTE;JA;J A;13393893;SURMONTE;JA;J A;YES
26268575;Miao;X;Xiangmin;22348684;Miao;X;Xu;NO
21134917;Perez-Cuevas;R;Ricardo;24626684;P�rez-Cuevas;R;Ricardo;YES
24767294;Zhang;T;Tao;22719186;Zhang;T;Tao;NO
24913966;Mateos-Toledo;H;Heidegger;26219488;Mateos-Toledo;H;Heidegger;YES
16336402;Roberts;AK;Andrew K;20561100;Roberts;AK;A K;YES
21097469;Huang;F;Fang;26367223;Huang;F;F;NO
14576546;Vargas;SO;Sara O;22089527;Vargas;SO;Sara O;YES
20461272;Bonneau;C;Charlotte;27150068;Bonneau;C;C;NO
5369028;Chlumeck�;J;J;5704184;Chlumeck�;J;J;YES
14728238;Weir;CR;Charlene R;22342868;Weir;CR;Charlene R;YES
26543522;Tejani;S;Sara;27567434;Tejani;S;Sara;NO
26659185;Ze?evi?;J;Jovana;23142841;Ze?evi?;J;Jovana;YES
26244562;Ruan;J;Jishou;26347339;Ruan;J;Jishou;YES
9699526;Kim;H;H;27882922;Kim;H;Hyunho;NO
1120899;Garcia;PA;P A;25181435;Garcia;PA;Paul A;NO
4146253;Shtacher;G;G;13988716;SHTACHER;G;G;YES
21404680;Shan;S;Shi;22467174;Shan;S;S;NO
20350153;Sch�tze;J;Juliane;22918573;Sch�tze;J;Juliane;YES
12715725;Jakubaszko;J;Juliusz;18426625;Jakubaszko;J;J;YES
21606085;Kaffashian;S;Sara;22915175;Kaffashian;S;Sara;YES
4763468;Kesner;RP;R P;21742047;Kesner;RP;Raymond P;YES
14720588;Jaksic;FM;Fabian M;21361929;Jaksic;FM;Fabian M;YES
27764026;Dasgupta;A;Amitava;23852786;Dasgupta;A;Amitava;YES
336881;Low;FN;F N;21023291;LOW;FN;F N;YES
21288663;Houben;K;Katrijn;21385642;Houben;K;Katrijn;YES
23956728;Varshney;R;Rohit;24451572;Varshney;R;R;NO
27400020;Smith;T;T;23846965;Smith;T;Tenbroeck;NO
6677362;Gauge;P;P;13966658;GAUGE;P;P;NO
19028531;Schachinger;H;Hartmut;23166784;Schachinger;H;Hartmut;YES
24417161;Wang;Z;Zhinan;27132436;Wang;Z;Z;NO
21249130;Kubarenko;AV;Andriy V;21383246;Kubarenko;AV;Andriy V;YES
19729604;Farris;SD;Stephen D;21536666;Farris;SD;Stephen D;YES
2305525;Hermann;GD;G D;25951580;Hermann;GD;G D;YES
6814528;Wang;TS;T S;27891105;Wang;TS;Tony S L;NO
17491274;Chen;ZD;Zhao-dian;27453101;Chen;ZD;Z D;NO
9922613;Gilmour;WH;W H;19464699;Gilmour;WH;W Harper;YES
15237689;Butter;C;Christian;25179761;Butter;C;Christian;YES
21993625;Han;L;Lijuan;22714691;Han;L;L;NO
25935624;De Santis;A;Antonella;27922929;De Santis;A;Antonella;YES
9849142;Peate;I;I;27882791;Peate;I;Ian;YES
14376247;GESSLER;U;U;13947415;GESSLER;U;U;YES
17722899;Queguiner;L;Laurence;18254606;Queguiner;L;Laurence;YES
22538334;Rosevear;PR;Paul R;22235120;Rosevear;PR;Paul R;YES
23835694;Lappeg�rd;KT;Knut T;26099323;Lappeg�rd;KT;K T;YES
12099854;Sun;CM;Chung-Ming;24646395;Sun;CM;Chung-Ming;YES
18780165;Nikbin;B;Behrouz;24659118;Nikbin;B;Behrouz;YES
17223506;Ljungberg;C;C;27576147;Ljungberg;C;Christine;NO
25582491;Zhang;Q;Qunlin;27896623;Zhang;Q;Qi; NO
13213944;DULL;V;V;13448751;DULL;V;V; YES
17539009;Erim;Y;Yesim;22701688;Erim;Y;Yesim; YES
26474743;Gao;SG;Shu-guang;22076055;Gao;SG;Shu-Guang; YES
2721834;Gerring;G;G;10119474;Gerring;G;G; YES
9306941;Pinto;AE;A E;25920680;Pinto;AE;Ant�nio E; YES
6303106;Pope;EK;E K;6092552;Pope;EK;E K; YES
6142778;Scanlon;MF;M F;19210414;Scanlon;MF;M F; YES
24108336;Segura-Medina;P;Patricia;23848294;Segura-Medina;P;Patricia; YES
25828344;Kim;WH;Woong Han;22717061;Kim;WH;W H; YES
24162707;Song;HJ;Hyun Jung;22717061;Song;HJ;H J; YES
14245760;CRABBE;P;P;18598274;Crabbe;P;Patricia;NO
7696628;Cui;X;X;22064364;Cui;X;Xuemei;NO
6948449;Daniel;P;P;23875295;Daniel;P;Portetelle;NO
22868227;Davies;L;Leo;27873364;Davies;L;L;NO
9853621;de Both;M;M;26091538;De Both;M;Matt;NO
21552130;de Groot;JM;Joke Mintjes;21733346;DeGroot;JM;J M;NO
21069948;Dhar;S;Swati;23861597;Dhar;S;S;NO
4006995;Di Stefano;E;E;27722109;Dist�fano;E;Eduardo;NO
17026356;Dombr�di;Z;Z;25179867;Dombr�di;Z;Zsuzsanna;NO
27085492;Donnadieu;J;J�r�me;14023102;DONNADIEU;J;J;NO
3704978;Edwards;RH;R H;27133463;Edwards;RH;Robert H;NO
1640574;Egger;M;M;27873473;Egger;M;M;NO
25937129;Fan;J;Jing;26353733;Fan;J;Jing;NO
19666027;Fan;Y;Yanhua;27874136;Fan;Y;Yi;NO
19958813;Ferreira;A;A;22713194;Ferreira;A;Ana;NO
9723065;Field;LM;L M;27869336;Field;LM;L M;NO
22889438;Fischer;R;Rainer;27152818;Fischer;R;R;NO
1484163;Foppa;L;L;25049971;Foppa;L;Luciana;NO
16388579;Fritscher;J;J;25634152;Fritscher;J;Joachim;NO
3799212;F�hrer;C;C;24318562;F�hrer;C;Constanze;NO
15941395;F�l�p;K;Katalin;18195964;Fueloep;K;K;NO
18002531;Fujii;S;Susumu;25911862;Fujii;S;S;NO
19735183;Fu;TY;Timothy Yu-Chi;26192907;Fu;TY;T Y;NO
9070550;Galati;A;A;25923060;Galati;A;Antonello;NO
26269673;Gao;XH;Xian-Hua;25917572;Gao;XH;X H;NO
25427792;Gao;Z;Zhiyong;27885760;Gao;ZY;Zhi-Yong;NO
21420117;Garcia;M;Maurice;27742137;Garcia;M;M;NO
8542421;Gatzke;L;L;16040707;Gatzke;L;Lisa;NO
14777674;GEMMI;M;M;23281738;Gemmi;M;Mauro;NO
18805830;Gentile;J;J;22082749;Gentile;J;Javier;NO
27836941;Geuer;JK;Jana K;27789839;Geuer;JK;Jana K;NO
22002200;Gimenez;M;Mariano;26870914;Gim�nez;M;M;NO
19181;Got;P;P;25195703;Got;P;Patrice;NO
9350752;Greene;C;C;27141420;Greene;C;Chris;NO
16271342;Green;JT;John T;21500882;Green;JT;John T;NO
18213430;Guigui;C;C;25181616;Guigui;C;C;NO
24063167;Guo;X;Xinyu;27881000;Guo;X;X;NO
8780265;Hamilton;JT;J T;21982824;Hamilton;JT;John T G;NO
13018269;HANANIA;G;G;23062604;Hanania;G;G;NO
26895391;Han;D;Dongqiang;27897240;Han;D;Da;NO
18947490;Han;SG;Su-Ge;16834692;Han;SG;S-G;NO
14248466;HEITMANN;R;R;24960723;Heitmann;R;Rj;NO
36075;Hess;EJ;E J;27895619;Hess;EJ;Ellen J;NO
2169903;Hirano;T;T;22083278;Hirano;T;Takuya;NO
10022922;Hirota;S;S;27883268;Hirota;S;Shun;NO
19285018;Hong;A;An;27872748;Hong;A;Aria;NO
23099315;Hong;JR;Jung-rak;21361976;Hong;JR;J R;NO
22133614;Hong;Y;Yunhan;27869162;Hong;Y;Y;NO
4762906;Hsu;AH;A H;21742247;Hsu;AH;Ai-Hsi;NO
26756739;Hsu;WT;Wen-Tung;14338229;HSU;WT;W T;NO
26813495;Huang;B;Baiqu;26367464;Huang;B;Bo;NO
20000625;Huang;L;Liangbin;23297553;Huang;L;Lu;NO
22206858;Huang;PY;Po-Yu;24252317;Huang;PY;P Y;NO
27145019;Huang;Z;Zifang;27881002;Huang;Z;Z;NO
20198808;Huguet;N;Nathalie;25917162;Huguet;N;N;NO
11764764;Hung;CF;C F;27884471;Hung;CF;Chung-Feng;NO
24662831;Hu;ZY;Z-Y;26338316;Hu;ZY;Zuo-Ying;NO
19019170;Hwang;SJ;Shang-Jyh;25182660;Hwang;SJ;S-J;NO
10623885;Ikeda;T;T;23863721;Ikeda;T;Tarou;NO
502094;Inoue;H;H;22728351;Inoue;H;Hideo;NO
22272045;Inoue;T;Tomoki;27878850;Inoue;T;T;NO
10321826;Itoh;K;K;22071976;Itoh;K;Kyogo;NO
25357199;Ito;E;Emiko;27694896;Ito;E;E;NO
9364248;Ito;K;K;27879567;Ito;K;Kenyu;NO
8074893;Iwasawa;K;K;26864625;Iwasawa;K;Kokoro;NO
21551340;James;G;Greta;27720475;James;G;G;NO
17346766;Jermann;D;D;9368033;Jermann;D;D;NO
23981556;Jiang;JK;Jiu Kun;26584671;Jiang;JK;J K;NO
19392513;Johnson;C;C;25171140;Johnson;C;Caroline;NO
21238068;Jones;CG;C G;21764904;Jones;CG;Charlotte Griffiths;NO
17083983;Jones;TL;Toni L;23576240;Jones;TL;T L;NO
14043166;KAJIHARA;K;K;23875907;Kajihara;K;Kenta;NO
22179557;Kanda;Y;Y;25910965;Kanda;Y;Yasunari;NO
9301855;Kaneto;Y;Y;15997088;Kaneto;Y;Yoko;NO
26457034;Kang;MJ;Min-Ji;27892481;Kang;MJ;Min-Ji;NO
191009;Kang;YJ;Y J;22705548;Kang;YJ;Young-Ju;NO
26340261;Karaaslan;H;Huseyin;24064017;Karaaslan;H;Huseyin;NO
11917655;Kassem;Z;Z;19660775;Kassem;Z;Z;NO
18438411;Kato;H;Hiroki;22067579;Kato;H;H;NO
16118647;Katz;N;N;24650263;Katz;N;Noomi;NO
26765667;Kelly;H;Helen;27434037;Kelly;H;Helen;NO
19594681;Kelly;J;J;27871148;Kelly;J;Jennifer;NO
9894387;Kennedy;RH;R H;27444690;Kennedy;RH;R H;NO
23881592;Ker�nen;J;Juha;21737392;Ker�nen;J;J;NO
3610275;Khan;MR;M R;27895353;Khan;MR;Muhammad Rizwan;NO
27566062;Kim;EJ;Elizabeth J;27722537;Kim;EJ;E J;NO
25489571;Kim;JH;Jung Ha;21770632;Kim;JH;J H;NO
26686342;Kim;MJ;Mi-Jung;25913644;Kim;MJ;Mi-Jung;NO
25828344;Kim;WH;Woong Han;22717061;Kim;WH;W H;NO
24162707;Song;HJ;Hyun Jung;22717061;Song;HJ;H J;NO
9073136;Kobayashi;A;A;21748610;Kobayashi;A;Akihiro;NO
24247299;Kobayashi;T;Takako;25904819;Kobayashi;T;T;
16280221;Li;S;Shengbin;25904819;Li;S;S;
1072761;Kohata;A;A;7594953;Kohata;A;A;NO
13365722;KOIZUMI;S;S;22075966;Koizumi;S;Shunzo;NO
27447472;Kolkman;A;A;23812883;Kolkman;A;Ard;NO
14410976;KOPROWSKI;H;H;23967055;Koprowski;H;Hilary;NO
10560738;Koshida;S;S;26847296;Koshida;S;Shigeki;NO
19572484;Krakowiak;E;Ewa;8590902;Krakowiak;E;E;NO
15231302;Kueng;A;A;27696065;K�ng;A;A;NO
5044483;Kuhn;LA;L A;22710390;Kuhn;LA;Leslie A;NO
8611021;Kuranami;J;J;22451465;Kuranami;J;Junichi;NO
14864115;LACHOWICZ;T;T;25092596;Lachowicz;T;T;NO
23708780;Lee;DH;Dae Hyung;27439723;Lee;DH;D H;NO
21927681;Lee;HS;Hong Sik;24620863;Lee;HS;Hong Sik;NO
27283131;Lee;PH;Po-Heng;27888574;Lee;PH;P H;NO
22181725;Adams;T;T;25166980;Adams;T;T;NO
23005937;Brigljevic;V;V;25166980;Brigljevic;V;V;NO
15730319;Lee;YJ;Yeon-Ju;25166980;Lee;YJ;Y-J;NO
13529428;LIKAR;M;M;25461075;Likar;M;M;NO
19636839;Lin;L;Lin;24630412;Lin;L;Lin;NO
25075642;Liu;JR;Jia-Ren;27143078;Liu;JR;J R;NO
25292051;Liu;K;Kun;22714898;Liu;K;Ke;NO
27938609;Liu;RY;R Y;23272637;Liu;RY;Ran-yi;NO
8983460;Li;CY;C Y;22719705;Li;CY;Chu-Ying;NO
15055176;Li;HJ;Hai-jun;25908926;Li;HJ;Hai-Jun;NO
27148424;Li;J;Jie;26364057;Li;J;J;NO
11712750;Li;L;L;27880925;Li;L;Lelin;NO
24247299;Kobayashi;T;Takako;25904819;Kobayashi;T;T;
16280221;Li;S;Shengbin;25904819;Li;S;S;
26059103;Li;W;Wen;27159893;Li;W;Wen;NO
23472128;Li;Z;Zheng;21763485;Li;Z;Zheng;NO
7255796;L�pez Fern�ndez;P;P;21837414;L�pez Fern�ndez;P;P;NO
25160729;L�pez;ML;M L;24637088;L�pez;ML;Mercedes L;NO
23430170;Lu;Z;Zhengqi;27869168;Lu;Z;Z;NO
25881834;Macke;D;Dana;8007511;Macke;D;D;NO
20929717;Maloney;WJ;W J;25911615;Maloney;WJ;William J;NO
26600010;Mao;W;Wenxin;27530948;Mao;W;W;NO
2252607;Maree;M;M;25864547;Maree;M;Maretha;NO
24453438;Maroli;S;Sohani;22120855;Maroli;S;S;NO
18625325;Marotta;R;Roberto;27450344;Marotta;R;R;NO
10349177;Mart�nez;A;A;21750843;Mart�nez;A;Anna;NO
12202102;Marx;E;Esther;20829957;Marx;E;E;NO
15046314;Mateo;R;Rufino;24632328;Mateo;R;R;NO
8818088;Matsuda;M;M;23269016;Matsuda;M;Masanori;NO
15814336;Matsuda;T;Tamotsu;27136193;Matsuda;T;T;NO
24649799;Matsumoto;K;Kayoko;23860530;Matsumoto;K;K;NO
24322317;Matsumura;A;Azumi;24637084;Matsumura;A;A;NO
14579858;Mazzurana;M;M;25184776;Mazzurana;M;M�nica;NO
8184449;McConnell;R;R;27161417;McConnell;R;Rob;NO
7887777;McDonald;JW;J W;23282517;McDonald;JW;J W;NO
3581935;McLees;BD;B D;13776626;McLEES;BD;B D;NO
25187426;Miller;SE;S E;25898166;Miller;SE;Sharon E;NO
11452524;Misaka;M;M;21246562;Misaka;M;Masayuki;NO
15200841;Mitchell;J;Jonathon;23872026;Mitchell;J;J;NO
1836502;Mittal;R;R;27894622;Mittal;R;Reena;NO
3987057;Miyao;M;M;23276152;Miyao;M;Masashi;NO
8324795;Moore;TL;T L;27931395;Moore;TL;Trisha L;NO
7166230;Mori;M;M;23872089;Mori;M;Masatomo;NO
225310;Mori;T;T;27877272;Mori;T;Takehiko;NO
10812769;Mosca;F;F;23870751;Mosca;F;Fabio;NO
3239267;M�ller;W;W;23860111;M�ller;W;Wolfgang;NO
17350365;Mullany;CJ;Charles J;27770180;Mullany;CJ;C J;
9024300;Mura;D;D;26846118;Mura;D;Donatella;NO
27721525;Murray;H;Hayley;27431259;Murray;H;H;NO
1405091;Nakahara;K;K;25186085;Nakahara;K;Kozue;NO
11018294;Nakamura;Y;Y;22705674;Nakamura;Y;Yoshinobu;NO
8817503;Nakashima;K;K;22092644;Nakashima;K;K;NO
16867293;Napoles;L;Leyda;21469462;Napoles;L;L;NO
3787197;Nerg�rdh;A;A;14400913;NERGARDH;A;A;NO
3479385;Neugebauer;M;M;25723220;Neugebauer;M;Martin;NO
22649456;Nicolau;D;David;16060159;Nicolau;D;D;NO
15407057;NORRIS;RF;R F;18891023;NORRIS;RF;R F;NO
8389133;Nozawa;Y;Y;25921948;Nozawa;Y;Yoshizu;NO
6812097;Okamoto;T;T;27885215;Okamoto;T;Tatsuro;NO
23012827;Okuda;Y;Yasuhisa;22324695;Okuda;Y;Y;NO
6782186;Oldend�rp;J;J;3999617;Oldend�rp;J;J;NO
24803678;Olivier;M;Michael;22726412;Olivier;M;M;NO
7515425;Orr;JD;J D;25280616;Orr;JD;Justin D;NO
10399423;Parisotto;R;R;24680293;Parisotto;R;Robin;NO
6754885;Parkinson;J;J;27869790;Parkinson;J;John;NO
396658;Pelli;A;A;27938364;Pelli;A;Anna;NO
2923992;Pendleton;M;M;25280269;Pendleton;M;MaryJean;NO
6404624;Pfeil;H;H;27595307;Pfeil;H;Heike;NO
10066753;Pfister;T;T;23291300;Pfister;T;Thomas;NO
11049086;Phillips;DR;D R;22697482;Phillips;DR;D R;NO
6277283;Preston;KJ;K J;27895190;Preston;KJ;Kyle J;NO
26140668;Qi;Y;YanHua;27882047;Qi;Y;Yu;NO
17990777;Quan;Z;Zhengxue;26878810;Quan;Z;Z;NO
3668992;Ribaux;C;C;11831228;Ribaux;C;C;NO
10195893;Rind;D;null;9320123;Rind;F;null;NO
6091568;Roberts;J;J;21762334;Roberts;J;J;NO
10827257;Rushin;J;J;9555300;Rushin;J;J;NO
2210785;Saito;T;T;27893689;Saito;T;Tomotaka;NO
3240501;Sakai;T;T;27882656;Sakai;T;Toshiyuki;NO
11831400;Sakamoto;K;K;25908261;Sakamoto;K;Kumi;NO
12437174;Sakayanagi;M;Masataka;22116131;Sakayanagi;M;M;NO
5626746;Santamaria;R;R;27883971;Santamaria;R;Rita;NO
25233527;Sarkar;C;Chaitali;27148686;Sarkar;C;C;NO
11267967;Sasaki;M;M;27877724;Sasaki;M;M;NO
27250047;Sasaki;R;Ryoma;23270297;Sasaki;R;R;NO
14704882;Scott;JG;James G;22707483;Scott;JG;James G;NO
15827031;Shinozaki;K;Kazuo;27877397;Shinozaki;K;Kazuo;NO
17110506;Shin;HW;Hye-Won;27733620;Shin;HW;Hye-Won;NO
2167666;Singh;A;A;27893617;Singh;A;Amar;NO
10090235;Singh;BN;B N;25189246;Singh;BN;B N;NO
25800908;Singh;M;Maharaj;27883166;Singh;M;M;NO
22358524;Singh;RP;R P;27877188;Singh;RP;Ravi P;NO
25075168;Sinha;SC;Sudhir C;11751055;Sinha;SC;S C;NO
13954485;SMITH;CH;C H;26363048;Smith;CH;Challis H;NO
3491906;Smith;JA;J A;27898078;Smith;JA;Jennifer A;NO
6412136;Smith;PD;P D;24637534;Smith;PD;Phillip D;NO
15469246;Smith;TJ;Thomas J;26368006;Smith;TJ;T J;NO
16668849;Somerville;C;C;27432550;Somerville;C;Claire;NO
22428700;Sprent;J;Janet;25290241;Sprent;J;J;NO
9936520;Stadler;JP;null;13516290;STADLER;null;null;NO
10064582;Storch;KF;K F;25915475;Storch;KF;Kai-Florian;NO
26938994;Sun;H;Haofan;25903692;Sun;H;H;NO
22586979;Sun;P;Ping;25179641;Sun;P;Ping;NO
25610905;Tabatabaei;M;Mansooreh;26572243;Tabatabaei;M;M;NO
18250874;Taira;T;T;25897409;Taira;T;Tetsuhiko;NO
21237679;Takahashi;M;Masashi;27881441;Takahashi;M;M;NO
6916979;Takasaki;K;K;23295908;Takasaki;K;Kotaro;NO
8615072;Takigawa;M;M;27895043;Takigawa;M;Masateru;NO
9163313;Taki;M;M;24619095;Taki;M;Masumi;NO
27757326;Thomas;M;Mohan;22085057;Thomas;M;M;NO
6969027;Thompson;JS;J S;22079033;Thompson;JS;Jon S;NO
25665512;Tian;Z;Zunyi;22695558;Tian;Z;Z;NO
22207276;Travert;C;C;27450510;Travert;C;Carine;NO
1178626;Turner;AC;A C;26429242;Turner;AC;Adam C;NO
11418531;Verhoef;J;J;23280718;Verhoef;J;J;NO
19561920;Verma;SK;Sanjay Kumar;27146766;Verma;SK;S K;NO
23376956;Wagner;J;Jonathan;27877092;Wagner;J;Jonathan;NO
13822775;WALTER;F;F;25169663;Walter;F;Frederik;NO
1972814;Wang;CF;C F;23867448;Wang;CF;Chang-Fa;NO
16081728;Wang;DW;David W;25178364;Wang;DW;D W;NO
26954833;Wang;GH;Guang-Hou;21744998;Wang;GH;G H;NO
23034180;Wang;L;Liqin;27143788;Wang;L;Li;NO
26141368;Wang;M;Min;25196196;Wang;M;Min;NO
9938095;Wang;WI;null;27532061;Wang;null;null;NO
23100164;Wang;SL;Shu-Lian;27872324;Wang;SL;S L;NO
19007022;Wang;XJ;Xi-jun;22085283;Wang;XJ;X J;NO
26362960;Wang;YC;Ying-Chun;24643043;Wang;Y;Yingchun;NO
20369845;Wang;Z;Zhongli;27132436;Wang;Z;Z;NO
19778994;Warren;B;Barbara;21768176;Warren;B;B;NO
21053592;Watanabe;Y;Yoh;21770499;Watanabe;Y;Y;NO
21389285;Weinberg;M;Myrl;21770497;Weinberg;M;M;NO
21000275;WEINSTEIN;L;L;22329838;Weinstein;L;L;NO
25351437;Wei;M;Meng;27889756;Wei;M;Meng;NO
4283495;Welter;DA;D A;10530280;Welter;DA;D A;NO
19967513;White;KL;Kimber L;25715282;White;KL;K L;NO
7104192;Williams;MV;M V;23873709;Williams;MV;Mark V;NO
56069;Wilson;DB;D B;21764975;Wilson;DB;David B;NO
27656247;Wilson;VJ;Vicki J;20306859;Wilson;VJ;V J;NO
10422650;Wurster;S;S;26799421;Wurster;S;Stephanie;NO
24264038;Wu;Q;Qingjun;27898007;Wu;Q;Qi;NO
26904916;Wu;Y;Yan;23856883;Wu;Y;Y;NO
22360359;Wu;ZY;Zheng Ying;26345872;Wu;ZY;Z Y;NO
26985948;Xu;J;J;26349960;Xu;J;Juan;NO
8569180;Xu;Q;Q;24638055;Xu;Q;Qiang;NO
22705117;Yamada;T;Tetsuya;27885091;Yamada;T;T;NO
21058729;Yamaguchi;K;Kentaro;23295714;Yamaguchi;K;K;NO
24761292;Yamashita;T;Toyonobu;27888604;Yamashita;T;T;NO
15830383;Yang;G;Guan;27876503;Yang;G;Ge;NO
27135484;Yang;H;Hua;22724503;Yang;H;Hu;NO
22400692;Yang;J;Jinkyu;27871289;Yang;J;Ju;NO
10322781;Yan;J;J;22719426;Yan;J;Juanzhi;NO
26586618;Yao;H;Hong;27898817;Yao;H;H;NO
22178528;Yin;R;Rui;27876003;Yin;R;Ru;NO
3125414;Yoshida;K;K;27882484;Yoshida;K;Kenichi;NO
22705293;Yoshida;M;Masanobu;22089027;Yoshida;M;M;NO
21516165;Zaiton;A;A;22106688;Zaiton;A;A;NO
25258252;Zhang;H;Hongying;26345754;Zhang;H;H;NO
21681862;Zhang;J;Jianxin;23291458;Zhang;J;J;NO
14978206;Zhang;Y;Yingye;25906099;Zhang;Y;Yu;NO
27535205;Zhang;Z;Zhenhua;25188609;Zhang;Z;Z;NO
17451717;Zhan;J;J;27879726;Zhan;J;Jinyan;NO
18601233;Zhao;M;Meng;27874949;Zhao;M;M;NO
23864528;Zhao;Y;Yan;25909340;Zhao;Y;Yan;NO
21770629;Zhong;J;J;;;;;
23321193;Zhou;F;F;25172671;Zhou;F;F;NO
12681069;Zhou;Z;Zhi;25181693;Zhou;Z;Zhi;NO
16169741;Zhu;Z;Zhihong;26344058;Zhu;Z;Z;NO
1586268;Zuber;M;M;26586779;Zuber;M;Michel;NO
15811326;Chen;GQ;Guo-Qiang;22093222;Chen;GQ;Guo-Qiang;NO
26821000;Chen;HT;Hsiao-Ting;26028278;Chen;HT;Hsiao-Ting;NO
16486923;Chen;JC;J C;23284447;Chen;JC;Jian-Cun;NO
1837285;Derntl;F;F;5442294;Derntl;F;F;NO 
1943685;Cox;TM;T M;27160347;Cox;TM;Timothy M;YES
9292477;Criddle;MJ;M J;9688720;Criddle;MJ;M J;YES
24569856;Cruz-Mu�oz;W;William;23647875;Cruz-Munoz;W;William;YES
3395070;Cserr;HF;H F;5545682;Cserr;HF;H F;YES
5943129;Cuffia;C;C;13898867;CUFFIA;C;C;YES
26252264;Cuzzola;C;Cristoforo;23117739;Cuzzola;C;Cristoforo;YES
8492071;Cwyfan Hughes;SC;S C;8949571;Cwyfan-Hughes;SC;S C;YES
22616065;da Fontoura Frasca;LC;Luis Carlos;25033342;da Fontoura Frasca;LC;Luis Carlos;YES
19763046;Daicho;T;Takuya;19399179;Daicho;T;Takuya;YES
5454600;Dall'Orso;F;F;4288441;Dall'Orso;F;F;YES
19768116;Dard;N;Nicolas;26702148;Dard;N;Nicolas;YES
21836324;Decanini;D;Dominique;27523903;Decanini;D;Dominique;YES
11160830;Defacque;H;H;14617814;Defacque;H;H�l�ne;YES
27817000;Degawa;Y;Yousuke;23153804;Degawa;Y;Yousuke;YES
20872939;Demiroglu;IC;I C Cemsid;20486957;Demiroglu;IC;I C Cemsid;YES
8017272;Deychak;YA;Y A;23665367;Deychak;YA;Yuri A;YES
25506780;Dhawan;A;Anil;25920085;Dhawan;A;Anil;YES
12202568;Dobinsky;S;Sabine;20411400;Dobinsky;S;S;YES
6301470;Dodey;P;P;22369198;Dodey;P;Pierre;YES
7532038;Doren;S;S;15613691;Doren;S;Sandra;YES
2165944;Dronfield;DM;D M;8590783;Dronfield;DM;D M;YES
25534722;Dubrovskaya;Y;Yanina;25328469;Dubrovskaya;Y;Yanina;YES
27835021;Eberlein;A;Andreas;26991188;Eberlein;A;Andreas;YES
9613138;Ebuchi;M;M;23267978;Ebuchi;M;Masakazu;YES
1684570;Ehrfeld;A;A;8382254;Ehrfeld;A;A;YES
8834076;Eisenhut;CC;C C;18208798;Eisenhut;CC;Carol C;YES
26528509;Elmunzer;BJ;B Joseph;25708757;Elmunzer;BJ;B Joseph;YES
8787975;Elston;RC;R C;23281810;Elston;RC;Robert C;YES
17185803;Ers�z;HO;Halil Onder;23254835;Ers�z;HO;Halil Onder;YES
21616565;Espinosa;L;Laura;21750433;Espinosa;L;Laura;YES
12219089;Eversole-Cire;P;Pamela;22594321;Eversole-Cire;P;Pamela;YES
12862268;Fabres;C;Cecilia;18569492;Fabres;C;C;YES
1717799;Fager;PJ;P J;17520595;Fager;PJ;P-J;YES
23893796;Faidallah;HM;Hassan M;22064284;Faidallah;HM;Hassan M;YES
14368042;FALLER;IL;I L;14368043;FALLER;IL;I L;YES
18953586;Far�as;ME;Marta E;21720847;Far�as;ME;Marta E;YES
8030170;Farina;U;U;18758227;Farina;U;Umberto;YES
24214105;Feijen;J;Jan;24632223;Feijen;J;Jan;YES
22473290;Feldborg;LN;Lise N;23153257;Feldborg;LN;Lise N;YES
16709494;Feliciani;C;Claudio;27879066;Feliciani;C;Claudio;YES
20044740;Fern�ndez;JR;Jos� R;22089106;Fern�ndez;JR;Jos� R;YES
25642882;Filiz;AI;Ali Ilker;26870090;Filiz;AI;Ali Ilker;YES
23772991;Fi?onowicz;R;Renata;24578186;Fi?onowicz;R;R;YES
8181261;Fioriti;E;E;21751937;Fioriti;E;Elvira;YES
20131189;Firek;L;Ludwik;24961451;Firek;L;Ludwik;YES
15471946;Fleig;V;Verena;23593011;Fleig;V;Verena;YES
5632443;Fl�gel;KA;K A;14330837;FLUEGEL;KA;K A;YES
22728186;Fouilland;E;Eric;26358721;Fouilland;E;Eric;YES
16364441;Friedrich;K;Karlheinz;25926075;Friedrich;K;Karlheinz;YES
3931670;Frucht;J;J;8970866;Frucht;J;J;YES
13280258;FRUMKIN;RM;R M;13304831;FRUMKIN;RM;R M;YES
18061374;Fujino;Y;Yoshihisa;23875075;Fujino;Y;Yoshihisa;YES
21466592;Gaitanis;G;G;22079652;Gaitanis;G;Georgios;YES
6820544;G?l??eanu;L;L;4844855;G?l??eanu;L;L;YES
16328060;Galle;PR;P R;27429106;Galle;PR;P R;YES
24237937;G�lvez-Herrer;M;Macarena;22420355;G�lvez-Herrer;M;Macarena;YES
7056163;Gansser;R;R;8377717;Gansser;R;R;YES
17325597;Garganese;MC;Maria Carmen;21404054;Garganese;MC;Maria Carmen;YES
27432096;Gatate;Y;Yodo;27760183;Gatate;Y;Yodo;YES
4219131;Gazzaniga;GM;G M;15038644;Gazzaniga;GM;Gian Massimo;YES
24011986;Gerst;KR;Kyle R;23588138;Gerst;KR;Kyle R;YES
17653441;Ge;ZZ;Z Z;21762267;Ge;ZZ;Zhi-Zheng;YES
27124583;Gieffers;C;C;25850884;Gieffers;C;Christian;YES
18633352;Gieselmann;MA;M A;22081989;Gieselmann;MA;M A;YES
4765494;Ginzburg;GF;G F;4742304;Ginzburg;GF;G F;YES
1025329;Gol'dberg;NA;N A;5392254;Gol'dberg;NA;N A;YES
26557313;Gordon-Salant;S;S;23862836;Gordon-Salant;S;Sandra;YES
21215963;Gotfredsen;CH;Charlotte H;26774647;Gotfredsen;CH;Charlotte H;YES
22418264;Grammel;H;Hartmut;23927486;Grammel;H;Hartmut;YES
17655224;Gray;DL;Danielle L;27723322;Gray;DL;Danielle L;YES
2028291;Grinina;OV;O V;13901991;GRININA;OV;O V;YES
16407661;Guilliard;P;Peter;23283860;Guilliard;P;Peter;YES
6400671;Gundersen;HJ;H J;21030683;Gundersen;HJ;Hans J�rgen G;YES
22288909;Gur;RE;Raquel E;27870413;Gur;RE;Raquel E;YES
21889930;Guzel;SP;Saadet P;18663995;Guzel;SP;S P;YES
25410632;Gyuranecz;M;M;27895010;Gyuranecz;M;Mikl�s;YES
8447011;Haastrup;B;B;20334773;Haastrup;B;Benedikte;YES
26289428;Haelterman;NA;Nele A;21985007;Haelterman;NA;Nele A;YES
23464034;Hanique;I;Iris;20598270;Hanique;I;Iris;YES
22367688;Hardas;SS;Sarita S;24024140;Hardas;SS;Sarita S;YES
15566411;Hasegawa;R;Ryuichi;24236482;Hasegawa;R;Ryuichi;YES
26122211;Hashimoto;Y;Yuichi;26338696;Hashimoto;Y;Yuichi;YES
25205344;Hasiec;M;M;22068739;Hasiec;M;Malgorzata;YES
21436432;Haufler;C;Chris;21708570;Haufler;C;C;YES
2445003;Haye-Legrand;I;I;3950403;Haye-Legrand;I;I;YES
26347747;Henrick;BM;Bethany M;22345469;Henrick;BM;Bethany M;YES
8471282;Herranz Gonz�lez-Botas;J;J;23122368;Herranz Gonz�lez-Botas;J;Jes�s;YES
20434380;Highsmith;WE;W Edward;25897209;Highsmith;WE;W Edward;YES
22122314;Hill;CE;Clara E;22122365;Hill;CE;Clara E;YES
23549110;Hipol;LJ;Leilani J;23012685;Hipol;LJ;Leilani J;YES
8630706;Hiris;J;J;21029090;Hiris;J;Jeffrey;YES
15770504;Hissen;AH;A H T;16110789;Hissen;AH;A H T;YES
6311534;Hochschwender;SM;S M;6244956;Hochschwender;SM;S M;YES
22011453;Hoeksma;AF;Agnes F;25188280;Hoeksma;AF;Agnes F;YES
7893497;Hof;VI;V I;11574206;Hof;VI;V I;YES
7490086;Honjo;T;T;22080610;Honjo;T;Tasuku;YES
18630615;Honka;M;M;24716890;Honka;M;Marek;YES
25042871;Honsa;P;Pavel;23940528;Honsa;P;Pavel;YES
12943889;Hoogwerf;BJ;Byron J;27440836;Hoogwerf;BJ;Byron J;YES
23535733;Hooning;MJ;Maartje J;23292943;Hooning;MJ;Maartje J;YES
13473738;HORMIA;A;A;13397468;HORMIA;A;A;YES
17630414;Horn;TL;Thomas L;21378370;Horn;TL;Thomas L;YES
27541847;Hostin;R;Richard;27875416;Hostin;R;Richard;YES
24525316;Hovden;AO;Arnt-Ove;27897109;Hovden;AO;Arnt-Ove;YES
15130347;Huang;GY;Guang-ying;27453226;Huang;GY;Guang-Ying;YES
7693341;Huelskamp;AM;A M;8018956;Huelskamp;AM;A M;YES
17280211;Hundley;MF;M F;12731987;Hundley;MF;M F;YES
26074649;Hyder;P;Patrick;17588614;Hyder;P;Patrick;YES
557371;Iatrou;K;K;22709524;Iatrou;K;Kostas;YES
25418873;Indiani;L;Laura;27932000;Indiani;L;L;YES
25249800;Ing;S;Sharon;23531878;Ing;S;Sharon;YES
16776843;Ionita;I;Iuliana;18976728;Ionita;I;Iuliana;YES
27093186;Jallal;B;Bahija;26556607;Jallal;B;Bahija;YES
19752168;James;HV;H V;19596158;James;HV;Hayley V;YES
25615302;Janik;RA;Romuald A;23745858;Janik;RA;Romuald A;YES
21404490;Janousek;L;Libor;27931575;Janousek;L;L;YES
14651334;Janssen;WC;Willie C M;11685047;Janssen;WC;W C;YES
10624605;Januskauskas;A;A;22640725;Januskauskas;A;Aloyzas;YES
19035080;Jiang;ME;Mi-Er;22333452;Jiang;ME;Mi-er;YES
23921487;Jiang;X;Xinguo;27149664;Jiang;X;Xinguo;YES
24085469;Joyal;CC;Christian C;27873032;Joyal;CC;Christian C;YES
9463360;Joyner;AL;A L;25183867;Joyner;AL;Alexandra L;YES
19929031;Jyrkk�;J;Johanna;24650284;Jyrkk�;J;J;YES
19874426;Kanaaneh;R;Rasim;27161340;Kanaaneh;R;Rasim;YES
1339580;Kaplan;C;C;23278334;Kaplan;C;C�cile;YES
5107275;Karsunky;KP;K P;5390308;Karsunky;KP;K P;YES
23256952;Kastelein;F;Florine;27893678;Kastelein;F;Florine;YES
3874541;Keramati;B;B;3873821;Keramati;B;B;YES
19950900;Keyvan;M;Monica;18205293;Keyvan;M;Monica;YES
14250832;KHANDURI;OP;O P;429038;Khanduri;OP;O P;YES
14279418;KHONG;BT;B T;5133335;Khong;BT;B T;YES
1666598;Khrustaleva;RS;R S;26428130;Khrustaleva;RS;Raisa S;YES
22215655;Kikuchi;O;Osamu;24244493;Kikuchi;O;Osamu;YES
746870;Kissler;W;W;6892731;Kissler;W;W;YES
16665502;Kleppinger-Sparace;KF;K F;12228367;Kleppinger-Sparace;KF;K. F.;YES
17914718;Knabb;RM;Robert M;22077144;Knabb;RM;Robert M;YES
24626948;Knechtle;B;Beat;23849106;Knechtle;B;Beat;YES
12948865;K�hle;C;Christoph;21498875;K�hle;C;Christoph;YES
3898939;Koelsch;WA;W A;14724914;Koelsch;WA;William A;YES
11604440;Koivisto;AM;A M;27878614;Koivisto;AM;Anne M;YES
26486309;Kolackov;K;Katarzyna;25720610;Kolackov;K;Katarzyna;YES
15582157;Konu;O;Ozlen;26421063;Konu;O;Ozlen;YES
23922244;Kostareli;E;Efterpi;23635773;Kostareli;E;Efterpi;YES
19937078;Kostopoulos;I;I;24637962;Kostopoulos;I;Ioannis;YES
24988857;Koziorowska-Gilun;M;M;22458932;Koziorowska-Gilun;M;M;YES
21111852;Kroksveen;AC;A C;27728768;Kroksveen;AC;Ann Cathrine;YES
25767979;Kroll-Desrosiers;A;Aimee;23116454;Kroll-Desrosiers;A;Aimee;YES
24777063;Kr�ek;P;Pavel;23873975;Krsek;P;Pavel;YES
17613428;Kruth;J;Jens;23402091;Kruth;J;Jens;YES
24233723;Krutkramelis;K;Kaspars;26987384;Krutkramelis;K;K;YES
20962072;Krutky;MA;Matthew A;19163477;Krutky;MA;Matthew A;YES
25585553;Kube�ov�;B;B;26423830;Kubesova;B;Blanka;YES
4199540;Kublik;LN;L N;27141641;Kublik;LN;L N;YES
2673539;Kubo;RT;R T;27824590;Kubo;RT;Ralph T;YES
25516791;Kukulka;A;Alison;24239189;Kukulka;A;Alison;YES
10848622;Kuliawat;R;R;23321322;Kuliawat;R;Regina;YES
17398106;Kun Lee;S;Sang;19743467;Kun Lee;S;Sang;YES
22040023;Kupchinsky;S;Stan;20363126;Kupchinsky;S;Stan;YES
14738417;Kurlemann;G;Gerhard;26356487;Kurlemann;G;Gerhard;YES
15557191;Kuronuma;K;Koji;27566380;Kuronuma;K;Koji;YES
22726283;Lako� Juki?;I;Ines;27456866;Lako� Juki?;I;Ines;YES
20179824;Lambert;G;Guillaume;27160350;Lambert;G;Guillaume;YES
9355025;Lambert;WC;W C;27871351;Lambert;WC;W Clark;YES
27236721;Lambret;P;Philippe;25906978;Lambret;P;Philippe;YES
3279571;Landstr�m;AS;A S;11470389;Landstr�m;AS;A S;YES
9812978;Lazdunski;M;M;25168137;Lazdunski;M;Michel;YES
15263868;Leaf;PJ;Philip J;21499542;Leaf;PJ;Philip J;YES
12529635;Le Bot;N;Nathalie;25810200;Le Bot;N;Nathalie;YES
20204074;Leitman;DI;David I;23611263;Leitman;DI;D I;YES
26048029;Le Stanc;E;E;26568969;Le Stanc;E;Elise;YES
2802041;Levine;P;P;23280935;Levine;P;Paul;YES
17553613;Levy;RB;Robert B;24242818;Levy;RB;Robert B;YES
19119382;Linberg;A;Alison;24035367;Linberg;A;Alison;YES
20424549;Lipowska;M;Ma?gorzata;25471165;Lipowska;M;Ma?gorzata;YES
24703000;Lisan;Q;Q;27602336;Lisan;Q;Quentin;YES
16010001;Lomax;J;Jane;26578572;Lomax;J;Jane;YES
15772709;L�pez-Aranda;JM;J M;24178534;L�pez-Aranda;JM;J M;YES
27564578;Louer;CR;Craig R;27440565;Louer;CR;Craig R;YES
3177253;Love;RR;R R;25478326;Love;RR;Richard R;YES
16356758;Lukowitz;W;Wolfgang;22079785;Lukowitz;W;Wolfgang;YES
15208154;Lury;K;Kenneth;17010691;Lury;K;Kenneth;YES
26744416;Macharia;A;Alex;24767094;Macharia;A;Alex;YES
23076770;Magerle;M;Manuel;22012135;Magerle;M;Manuel;YES
20222797;Mahindra;A;Anuj;25172964;Mahindra;A;Anuj;YES
23024754;Maimone;B;Biagina;23931770;Maimone;B;Biagina;YES
20201397;Maksimov;VA;V A;25911923;Maksimov;VA;V A;YES
24644506;Malakouti;SK;Seyed Kazem;23642943;Malakouti;SK;Seyed Kazem;YES
24478134;Malley;JD;James D;25197159;Malley;JD;James D;YES
24568337;Maloveck�;I;Ivona;26534463;Malovecka;I;I;YES
12212347;Malterre;L;L;12951309;Malterre;L;Laurent;YES
17488830;Mamdani;M;Muhammad;23847265;Mamdani;M;Muhammad;YES
15075747;Mancini;D;Donna;22071239;Mancini;D;Donna;YES
1981929;Mandel;L;L;27870926;Mandel;L;Louis;YES
11842895;Mangian;HF;H F;27052535;Mangian;HF;Heather F;YES
21460936;Mangote;B;Benoit;22555710;Mangote;B;Benoit;YES
16557552;Margiotta;M;Marcella;20400110;Margiotta;M;Marcella;YES
8038363;Mar�n Ib��ez;A;A;27493134;Mar�n-Iba�ez;A;Alejandro;YES
10773611;Marino;B;B;25174600;Marino;B;Bruno;YES
25245885;Marott;JL;Jacob L;27432835;Marott;JL;Jacob L;YES
17510547;Matsuzaka;K;Kenichi;25477038;Matsuzaka;K;Kenichi;YES
13112502;MATTEINI;M;M;24538739;MATTEINI;M;M;YES
23001791;McEvoy;M;M;27135401;McEvoy;M;Mark;YES
27529168;McIntosh;AM;Andrew M;22085483;McIntosh;AM;Andrew M;YES
20766487;McKisack;HL;H L;20764954;McKisack;HL;H L;YES
8935914;Melish;ME;M E;27193747;Melish;ME;Marian E;YES
18851122;M�ndez-S�nchez;RA;R A;23005507;M�ndez-S�nchez;RA;R A;YES
11438691;Mengual;R;R;22990144;Mengual;R;Raymond;YES
17037768;Mercado;MA;Miguel Angel;21755386;Mercado;MA;Miguel Angel;YES
27723559;M�tivier;V;V;25574934;M�tivier;V;V;YES
27184187;Micillo;A;Alessandro;24812316;Micillo;A;A;YES
2297225;Mihaliak;CA;C A;24301540;Mihaliak;CA;C A;YES
9619152;Miller;MD;M D;22700188;Miller;MD;M D;YES
13535052;MISELLI;L;L;13498979;MISELLI;L;L;YES
25620698;Mishalian;I;Inbal;22348096;Mishalian;I;Inbal;YES
6044381;Mitroszewska;H;H;13868863;MITROSZEWSKA;H;H;YES
8963582;Mogiliantseva;VI;V I;8963615;Mogiliantseva;VI;V I;YES
7124099;Mo?benko;AA;A A;26558384;Moibenko;AA;Alex A;YES
22770922;Momesso;DP;Denise Prado;23917784;Momesso;DP;Denise Prado;YES
16198830;Monziols;M;M;22064191;Monziols;M;M;YES
27410572;Moon;S;Seokil;27137284;Moon;S;Seokil;YES
15432617;MORAGUES;V;V;24539250;MORAGUES;V;V;YES
21444096;Moreno Escobar;E;Eduardo;26768749;Moreno-Escobar;E;E;YES
21380747;Morita;D;Daigo;27133930;Morita;D;Daigo;YES
19115285;Mosrin;M;Marc;24245558;Mosrin;M;Marc;YES
15459980;Mouilleseaux;B;B;15457735;Mouilleseaux;B;B;YES
9727427;Mulliken;JB;J B;23288163;Mulliken;JB;John B;YES
24380572;Murcia;L;L;27073267;Murcia;L;Laura;YES
15094656;Nassar;I;I;27499224;Nassar;I;Ittimade;YES
3032086;Nassos;PS;P S;15243050;Nassos;PS;Patricia S;YES
18014986;Nau;CA;C A;21007120;NAU;CA;C A;YES
11232721;Neithercut;WD;W D;26566665;Neithercut;WD;William D;YES
19655029;Nelson;C;Chad;27140353;Nelson;C;C;YES
24346344;Nicastro;HL;Holly L;27145059;Nicastro;HL;Holly L;YES
22926730;Niero;R;Rivaldo;24250785;Niero;R;Rivaldo;YES
16516152;Nolan;CJ;Christopher J;24622256;Nolan;CJ;Christopher J;YES
15591373;Noordhuizen-Stassen;EN;E N;12836944;Noordhuizen-Stassen;EN;E N;YES
7624263;Noormohamed;SE;S E;9622464;Noormohamed;SE;S E;YES
22168240;Oderinde;RA;Rotimi A;22145711;Oderinde;RA;Rotimi A;YES
15642732;Oesterreicher;S;Sandra;15736974;Oesterreicher;S;Sandra;YES
5058000;Olive;H;H;4650422;Olive;H;H;YES
8127850;Omarov;TO;T O;11588961;Omarov;TO;T O;YES
1831018;Orfanos;CE;C E;23621336;Orfanos;CE;Constantin E;YES
10083659;Ortiz de Lejarazu;R;R;25180694;Ortiz de Lejarazu;R;Ra�l;YES
25313790;Osaguona;VB;Vivian B;24647140;Osaguona;VB;Vivian B;YES
5448520;Osunkoya;BO;B O;16366345;Osunkoya;BO;B O;YES
17206740;Oung;JN;Jung-Nan;16316184;Oung;JN;Jung-Nan;YES
7779253;Pabst;R;R;27734092;Pabst;R;R;YES
26172478;Paczesny;S;Sophie;25196024;Paczesny;S;Sophie;YES
19216204;Palano;GM;G M;25549915;Palano;GM;Grazia Maria;YES
1463235;Panchishnaia;GI;G I;404458;Panchishnaia;GI;G I;YES
18931905;Papanikolau;A;Alky;26075486;Papanikolau;A;Alky;YES
21163175;Patel;R;Rishi;23286797;Patel;R;Rishi;YES
22429520;Patsis;C;Christos;23792648;Patsis;C;Christos;YES
16557102;Pavlitou;A;Aikaterini;21992856;Pavlitou;A;Aikaterini;YES
20868031;Perdrisat;CF;C F;26024167;Perdrisat;CF;C F;YES
18512118;Peri?-Balja;M;Melita;22351578;Peri? Balja;M;Melita;YES
15603054;Peverill;RE;R E;21771600;Peverill;RE;Roger E;YES
19525560;Piech;V;Valentin;24101495;Pi�ch;V;Valentin;YES
13222737;PIESBERGEN;HJ;H J;13439949;PIESBERGEN;HJ;H J;YES
15296738;Pinko;C;Christopher;11513602;Pinko;C;C;YES
18482020;Polla;LL;Luigi L;12437994;Polla;LL;Luigi L;YES
26257524;Pompili;M;Maurizio;23852102;Pompili;M;Maurizio;YES
15802367;Poole;DC;David C;21757576;Poole;DC;David C;YES
9562805;Postupolski;J;J;27805864;Postupolski;J;J;YES
8797370;Pranulis;MF;M F;16449886;Pranulis;MF;Maryann F;YES
19036817;Prasad;BV;B V Venkataram;21775426;Prasad;BV;B V Venkataram;YES
20867582;Prodan;E;Emil;21405869;Prodan;E;Emil;YES
9968426;Provid�ncia;C;null;9967980;Provid�ncia;C;null;YES
8754387;Przybycie?;J;J;8754376;Przybycie?;J;J;YES
24556570;Psarra;AM;Anna-Maria G;18344181;Psarra;AM;Anna-Maria G;YES
26065920;Pullanchery;S;Saranya;27957849;Pullanchery;S;Saranya;YES
25610162;Pulur;A;Alparslan;23800048;Pulur;A;Alparslan;YES
8152814;Purtscher;B;B;7514242;Purtscher;B;B;YES
26834941;Quattrocchi;CC;Carlo Cosimo;25904349;Quattrocchi;CC;C C;YES
23600871;Radosa;L;L;23602837;Radosa;L;Luk�;YES
21854172;Rahi;P;Praveen;22092487;Rahi;P;Praveen;YES
10450549;Ramirez-Valles;J;J;23668809;Ramirez-Valles;J;J;YES
15019907;Reeves;D;David;25179071;Reeves;D;David;YES
4135597;Reid;TW;T W;25469865;Reid;TW;Ted W;YES
25015296;Reynolds;TD;Tracy D;24009707;Reynolds;TD;Tracy D;YES
17912852;Riabchikova;NA;N A;21268833;Riabchikova;NA;N A;YES
7756098;Ribul;M;M;8314358;Ribul;M;M;YES
5979189;Rind;H;H;13397583;RIND;H;H;YES
20227341;Ristanis;S;Stavros;21369837;Ristanis;S;Stavros;YES
20003159;Roberts;DW;David W;26349671;Roberts;DW;David W;YES
16337827;Robischon;M;Marcel;25179607;Robischon;M;Marcel;YES
23877039;Rock;L;Luc;22348997;Rock;L;L;YES
22639105;Ross;DS;Donald S;27911419;Ross;DS;Donald S;YES
24646189;Roujeinikova;A;Anna;25195909;Roujeinikova;A;Anna;YES
351992;R�besamen;M;M;14242662;RUEBESAMEN;M;M;YES
26008213;Sahraei;Z;Zahra;25194399;Sahraei;Z;Zahra;YES
3444659;Saing;B;B;6537472;Saing;B;B;YES
4577530;Sain;JA;J A;4523586;Sain;JA;J A;YES
16167540;Sakiyama;S;Shoji;25195956;Sakiyama;S;Shoji;YES
18805879;Sampere;M;M;27271024;Sampere;M;Maite;YES
24953350;S�nchez-Paz;A;A;22727717;S�nchez-Paz;A;Arturo;YES
19079325;Santoianni;R;Robert;21403643;Santoianni;R;Robert;YES
20211180;Sanyal;AJ;Arun J;24628464;Sanyal;AJ;A J;YES
16841714;Sasaki;S;Shin;27454474;Sasaki;S;Shin;YES
19008101;Sasayama;T;Takashi;27154922;Sasayama;T;Takashi;YES
13142765;SAYAMA;E;E;14888375;SAYAMA;E;E;YES
16132700;Sbodio;JI;Juan I;27436896;Sbodio;JI;Juan I;YES
24765877;Scalese;M;M;27886643;Scalese;M;Marco;YES
20056437;Schallner;N;Nils;21633713;Schallner;N;Nils;YES
21486554;Schencking;M;Martin;22460093;Schencking;M;Martin;YES
27428786;Schlegel-Wagner;C;C;20479429;Schlegel-Wagner;C;Christoph;YES
10705301;Sch�lmerich;J;J;21744420;Schoelmerich;J;Juergen;YES
23930950;Schonewille;AJ;A J;22252863;Schonewille;AJ;Arjan J;YES
15160941;Schubach;S;Susan;12209349;Schubach;S;S;YES
24807299;Sch�ttler;W;Wolfgang;18333913;Schuettler;W;Wolfgang;YES
8288221;Schwengel;DA;D A;24491659;Schwengel;DA;Deborah A;YES
15577604;Scott;DL;David L;21769131;Scott;DL;David L;YES
26485395;Seed Ahmed;M;Mohammed;27163814;Seed Ahmed;M;Mohammed;YES
26037425;Shahani;JM;Jagdish Menghraj;3610279;Shahani;JM;J M;YES
15231811;Shamaei-Tousi;A;Alireza;20676403;Shamaei-Tousi;A;Alireza;YES
25078106;Shannon;RP;Richard P;21757114;Shannon;RP;Richard P;YES
20376283;Shoulberg;EK;Erin K;24246017;Shoulberg;EK;Erin K;YES
20045590;Shung;KK;K Kirk;23871514;Shung;KK;K Kirk;YES
26611983;Silberbush;A;Alon;26689170;Silberbush;A;Alon;YES
1212446;Simirenko;LL;L L;3961688;Simirenko;LL;L L;YES
10097106;Simons;K;K;27886667;Simons;K;Kai;YES
26310887;Simper;NB;Novae B;27474044;Simper;NB;Novae B;YES
16910148;Sistac Ballar�n;JM;J M;22985753;Sistac Ballar�n;JM;J M;YES
20500206;Skellett;AM;A M;27790677;Skellett;AM;A-M;YES
2602063;Smishnaia;MP;M P;2812925;Smishnaia;MP;M P;YES
20427376;Smith;GE;Glenn E;27159433;Smith;GE;Glenn E;YES
27615360;Soborg;B;B;23647625;Soborg;B;B;YES
2558403;Sole Calvo;LA;L A;4079526;Sol� Calvo;LA;L A;YES
2507552;Southwick;FS;F S;27789436;Southwick;FS;Frederick S;YES
22114017;Spencer;P;Paulette;25190266;Spencer;P;P;YES
13833304;SPICER;SS;S S;20249467;SPICER;SS;S S;YES
2667045;Spongano;M;M;8320917;Spongano;M;M;YES
2282041;Stefanidis;M;M;2353197;Stefanidis;M;M;YES
23055184;Stepchenkova;EI;Elena I;22250397;Stepchenkova;EI;E I;YES
26946488;Sterneckert;J;Jared;27881786;Sterneckert;J;Jared;YES
5915909;Stilson;DW;D W;13475551;STILSON;DW;D W;YES
19365080;St Pierre;L;Liam;23277562;St Pierre;L;Liam;YES
14087428;STRMISKA;J;J;13381345;STRMISKA;J;J;YES
27558353;Sung;CT;Calvin T;23867977;Sung;CT;Calvin T;YES
22030323;Suttorp;MJ;Maarten J;24627416;Suttorp;MJ;Maarten J;YES
2542837;Sved;JC;J C;12724060;Sved;JC;Judith C;YES
12417060;Swaab;DF;D F;23286317;Swaab;DF;D F;YES
27386786;Swinnen;LJ;Lode J;21756035;Swinnen;LJ;Lode J;YES
18077555;Szentpetery;Z;Zsofia;22337770;Szentpetery;Z;Zsofia;YES
27104640;Tachikawa;R;Ryo;27689711;Tachikawa;R;Ryo;YES
10551878;Taha;C;C;9755080;Taha;C;C;YES
19404341;Takaki;J;Jiro;22075913;Takaki;J;Jiro;YES
20242429;TARPLEY;BW;B W;18900165;TARPLEY;BW;B W;YES
24721208;Tayebwa;J;Johnbosco;24441665;Tayebwa;J;Johnbosco;YES
9059725;Taylor;KI;K I;22718104;Taylor;KI;Kirsten I;YES
18246272;Teodoro;U;Ueslei;27925056;Teodoro;U;Ueslei;YES
25869566;Terzi;EH;E H;26100031;Terzi;EH;El�in Hakan;YES
20631106;Tong;CY;C Y W;22717331;Tong;CY;C Y W;YES
6287277;Topal;MD;M D;11473254;Topal;MD;M D;YES
25939323;Topjian;A;Alexis;25913022;Topjian;A;Alexis;YES
12654487;Tow;LA;Lemese Ah;15487951;Tow;LA;Lemese Ah;YES
16910784;Toyokuni;S;Shinya;27455808;Toyokuni;S;Shinya;YES
20483134;Tribak;K;Karim;26403550;Tribak;K;Karim;YES
22019839;Trivisano;M;Marina;26765483;Trivisano;M;Marina;YES
19812316;Tsai;MJ;Ming-Jer;26356605;Tsai;MJ;Ming-Jer;YES
27934482;Tsukigawa;K;Kenji;23727781;Tsukigawa;K;Kenji;YES
2164667;Turndorf;H;H;15220782;Turndorf;H;Herman;YES
20462959;Tushir;JS;Jogender S;25470042;Tushir;JS;Jogender S;YES
22452625;Uesu;Y;Yoshiaki;23628842;Uesu;Y;Yoshiaki;YES
12510072;Un;A;Ahmet;23953020;Un;A;Ahmet;YES
20466187;Urabe;K;Kazunori;26825400;Urabe;K;Kazunori;YES
17153629;Urbina;M;Mary;25182776;Urbina;M;Mary;YES
27408380;Urosevic;I;Ivana;27263745;Urosevic;I;Ivana;YES
6270959;Vakkuri;O;O;26995743;Vakkuri;O;Olli;YES
20307619;Vanderbruggen;N;N;23967726;Vanderbruggen;N;N;YES
21550761;Vanhegan;I;Ivor;26414362;Vanhegan;I;I;YES
7632661;Van Milgen;J;J;24635915;van Milgen;J;Jaap;YES
21907423;Vassanelli;F;Francesca;25464409;Vassanelli;F;Francesca;YES
11003954;V�zquez L�pez;ME;M E;25726250;V�zquez-L�pez;ME;Mar�a Esther;YES
22372793;Verelst;S;Sandra;24629665;Verelst;S;Sandra;YES
13925791;VICTORIA;V;V;18858551;VICTORIA;V;V;YES
16628087;Vigna;SR;Steven R;23863714;Vigna;SR;Steven R;YES
3715126;Vilana Puig;R;R;11503931;Vilana Puig;R;R;YES
17673854;Virmani;R;Renu;27876264;Virmani;R;Renu;YES
3779657;Vlahos;WG;W G;3657182;Vlahos;WG;W G;YES
8278629;von Eschenbach;CE;C E;2365054;von Eschenbach;CE;C E;YES
18639286;Wasman;JK;Jay K;24554347;Wasman;JK;Jay K;YES
2174896;Watanabe;MF;M F;22175848;Watanabe;MF;M F;YES
1248119;Wentz;PW;P W;7092010;Wentz;PW;P W;YES
12731521;Weringer;EJ;Elora J;7227658;Weringer;EJ;E J;YES
17275379;Wilson;RC;Robert C;27153554;Wilson;RC;Robert C;YES
18089610;Winterhager;E;Elke;25897495;Winterhager;E;Elke;YES
22155399;Witten;L;Louise;24613239;Witten;L;Louise;YES
21875883;Witte;T;Torsten;22076442;Witte;T;Torsten;YES
9458721;Wittwer;M;M;24675964;Wittwer;M;Matthias;YES
25943842;Witztum;JL;Joseph L;26361154;Witztum;JL;Joseph L;YES
19867243;Wollstein;M;M;19971552;Wollstein;M;M;YES
21716067;Yang;YK;Yen Kuang;27137977;Yang;YK;Yen Kuang;YES
21190873;Yasar;L;L;23271852;Ya?ar;L;Levent;YES
19465141;Yasuhara;N;Noriko;27154959;Yasuhara;N;Noriko;YES
20125251;Yates;HW;H W;20168484;Yates;HW;H W;YES
9326318;Yee;VC;V C;26415570;Yee;VC;Vivien C;YES
23670190;Young;LF;Lauren F;25733018;Young;LF;Lauren F;YES
15578426;Zabel;M;M;26349962;Zabel;M;Maciej;YES
27076459;Zeng;X;Xiangxiang;25196432;Zeng;X;Xiangxiang;YES
16948899;Zhao;GY;Guang-yu;23868877;Zhao;G;Guangyu;YES
17557238;Zhao;ZY;Zheng-yan;22088244;Zhao;ZY;Zheng-Yan;YES
25496527;Zuffian�;A;Antonio;25732243;Zuffian�;A;Antonio;YES
15981353;�degaard;TT;Thomas T;16215602;�degaard;TT;Thomas T;YES
25539065;�sterberg;FW;Frederik W;27598509;�sterberg;FW;Frederik W;YES
15332559;Chen;KK;Kuang-Kuo;21382965;Chen;KK;Kuang-Kuo;YES
13293774;DAMMERMANN;HJ;H J;20251754;DAMMERMANN;HJ;H J;YES 
15647169;Veigel;C;Claudia;22718767;Veigel;C;Claudia;YES
1270684;Monselise;SP;S P;24554261;Monselise;SP;S P;YES
25204733;Chu;PY;Pei-Yi;27891636;Chu;PY;Pei-Yi;NO
16485623;Angerstein;RL;Rebecca L;16249574;Angerstein;RL;Rebecca L;YES
18817941;Andrianisa;HA;Harinaivo Anderson;26496019;Andrianisa;HA;H A;YES
11692812;Rebollar-Gonz�lez;V;V;18651419;Rebollar-Gonz�lez;V;Ver�nica;YES
22859367;Reizel;Y;Yitzhak;24244121;Reizel;Y;Yitzhak;YES
16783154;Siracuse-Lee;D;Donna;22982737;Siracuse-Lee;D;Donna;YES
4767363;Andrews;MD;M D;19716297;Andrews;MD;Mark D;NO
26251793;Schick;U;Uta;26775224;Schick;U;U;NO
23055412;Naraghi-Arani;P;Pejman;27455937;Naraghi-Arani;P;Pejman;NO
26589283;Ko;BH;Bai-Hung;24109977;Ko;BH;B H;NO
27035273;Zhang;Z;Zaoxiao;25188609;Zhang;Z;Z;NO
23281444;Sampath;P;Padma;24642619;Sampath;P;P;YES
26039328;Santos;CL;C�ntia L;26836136;Santos;CL;C�ntia L;YES
17206191;Marocco;A;Alessia;27123564;Marocco;A;Alessia;YES
2158564;Hwang;DR;D R;27437084;Hwang;DR;Dah-Ren;YES
19333231;Gao;W;W;26354155;Gao;W;Wenbin;NO
22921748;Vasiljevi?;P;Perica;26417336;Vasiljevic;P;Perica;YES
15971588;Yan;XR;Xin-Rui;22712522;Yan;X;Xinrui;NO
1795848;Guelfi;A;A;12833209;Guelfi;A;Andrea;NO
7132934;Bezzi;TM;T M;8745031;Bezzi;TM;T M;YES
23346288;Lee;HS;Hee-Sun;27889996;Lee;HS;H S;NO
2377239;Neelon;FA;F A;27777679;Neelon;FA;Francis A;YES
21939713;Maggioli;G;Gabriela;21985914;Maggioli;G;Gabriela;YES
27315790;Wu;J;Jun;26366596;Wu;J;Jun;NO
25707400;Marchetti;P;Paolo;23872940;Marchetti;P;Paolo;YES
11258505;Frieden;TR;T R;25188638;Frieden;TR;Thomas R;YES
15755514;Verdeguer;A;Amparo;23850652;Verdeguer;A;Amparo;YES
24386928;Yang;S;Shengjie;25913490;Yang;S;S;NO
22167583;Golz;A;Avishay;21412741;Golz;A;Avishay;YES
20780208;Domenech;F;F;11744209;Domenech;F;F;NO
23860857;Fredberg;U;U;23588255;Fredberg;U;Ulrich;YES
4386448;Kitsutaka;T;T;14090709;KITSUTAKA;T;T;YES
1654433;Cohen;AS;A S;25475395;Cohen;AS;Arieh S;NO
736772;Schramek;A;A;13620147;SCHRAMEK;A;A;YES
21535080;Yang;P;P;22717478;Yang;P;Peidong;NO
24530588;Chen;D;Dazhou;23291185;Chen;D;Di;NO
15888025;Kozlowski;J;James;22726626;Koz?owski;J;J;NO
7695933;Kumar;RV;R V;21743296;Kumar;RV;Rekha V;NO
6586222;Kobayashi;K;K;23859059;Kobayashi;K;Kei;NO
16337303;Hellgren;LI;Lars I;22092739;Hellgren;LI;Lars I;YES
12456684;Gallegos;AM;Adalberto M;19020914;Gallegos;AM;Adalberto M;YES
15447957;Ito;K;K;27879567;Ito;K;Kenyu;NO
23397747;Milisavljevi?;D;Dusan;27895440;Milisavljevic;D;D;YES
8897442;Thoss;VS;V S;8951879;Thoss;VS;V S;YES
19556030;Heins;A;Alan;23268814;Heins;A;Alan;YES
17970277;Wang;J;Jianguo;26357934;Wang;J;J;NO
26753155;Prasad;K;Kameshwar;24620983;Prasad;K;Kameshwar;NO
21598029;Galjee;MA;M A;27561279;Galjee;MA;M A;YES
19269815;Yu;GH;Guang-Hui;26752419;Yu;G;Guanghui;NO
24289685;Goldner;P;Ph;25375743;Goldner;P;Ph;YES
24515399;Dalla Rosa;M;Marco;26575718;Dalla Rosa;M;Marco;YES
11990342;Upasani;SS;Shirish S;15879667;Upasani;SS;S S;YES
14297916;CHAPPLE;ED;E D;14051941;CHAPPLE;ED;E D;YES
20946090;Jiang;Y;Yue;25908151;Jiang;Y;Yi;NO
27174005;Lydecker;A;Alison;20869632;Lydecker;A;Alison;YES
7933966;Yee;JL;J L;26038465;Yee;JL;JoAnn L;YES
21077636;Libby;AH;Adam H;8313505;Libby;AH;A H;YES
20728707;Ashouri;R;Rezvan;23112490;Ashouri;R;Rezvan;YES
18158152;Kwon;HB;Hyuk Bang;23554453;Kwon;HB;Hyuk Bang;YES
26631939;Lugara;E;Eleonora;23970852;Lugar�;E;Eleonora;YES
25739490;Garc�a-S�nchez;M;Manuel;24629211;Garc�a S�nchez;M;M;NO
21774393;Cormos;D;Diana;16245750;Cormos;D;Diana;YES
1966663;Daouda;H;H;24034584;Daouda;H;Hamani;YES
17888254;Li;JP;Ju-peng;27160125;Li;JP;J-P;NO
1679251;Chabert;N;N;22616456;Chabert;N;Nicolas;NO
22104116;Mahajan;A;Anubha;27876822;Mahajan;A;Anubha;YES
27327853;Knipschield;MA;Mary A;23078926;Knipschield;MA;Mary A;YES
20389532;Bogris;A;Adonis;26368726;Bogris;A;Adonis;YES
16094378;Fu;T;Tony;23270265;Fu;T;T;NO
19930663;Vandekerckhove;TT;Tom Tm;20585456;Vandekerckhove;TT;Tom T M;YES
8347082;Turnbull-Ross;AD;A D;3422405;Turnbull-Ross;AD;A D;YES
19641358;Tiong;HY;H Y;25918706;Tiong;HY;Ho Yee;YES
20166229;Brunel;F;Fabrice;27284941;Brunel;F;Fabrice;YES
18038645;Severtsova;EA;E A;22834134;Severtsova;EA;E A;YES
20724652;Siomou;EC;Ekaterini C;26053006;Siomou;EC;Ekaterini C;YES
14830989;ARTHUYS;M;M;14906689;ARTHUYS;M;M;YES
8401593;Vits;L;L;27369461;Vits;L;L;YES
19143316;Qin;X;Xiaofei;25169523;Qin;X;Xi;NO
17352787;Shih;HH;H H;25733490;Shih;HH;Hsiu-Hui;YES
19755254;Hansalia;RJ;Riple J;19124926;Hansalia;RJ;Riple J;YES
25078345;Ihedioha;JN;Janefrances N;23664087;Ihedioha;JN;J N;YES
26931916;Chikhachev;AS;A S;22380304;Chikhachev;AS;A S;YES
15574008;Li;S;Shunpeng;25904819;Li;S;S;
8855190;Roelsgaard;K;K;22401315;Roelsgaard;K;Klaus;YES
6787786;Lupa?cu;F;F;26876993;Lupascu;F;Florentina;NO
18083530;Ouyang;W;Wenjun;27143303;Ouyang;W;W;YES
5538800;Grossman;IW;I W;4289262;Grossman;IW;I W;YES
9685871;Miura-Fraboni;J;J;9655339;Miura-Fraboni;J;J;YES
22257637;Khatun;S;Selina;27941726;Khatun;S;S;NO
18950098;Bronstein;LM;Lyudmila M;26581446;Bronstein;LM;Lyudmila M;YES
5943287;Baguena Candela;R;R;20991473;BAGUENA CANDELA;R;R;YES
8180243;Grolier;P;P;16280426;Grolier;P;Pascal;YES
4082411;Varley;MA;M A;13192231;VARLEY;MA;M A;NO
25567609;Shea;JE;Joan-Emma;27440555;Shea;JE;Joan-Emma;YES
22975104;Bohms;B;Birte;20829228;Bohms;B;Birte;YES
26781092;Zhang;H;Hao;26345754;Zhang;H;H;NO
8225069;Elitzur;A;A;17560364;Elitzur;A;A;YES
15796797;Wang;XX;Xin-Xin;26348140;Wang;XX;Xin-Xin;NO
3338957;Beatty;JD;J D;27447168;Beatty;JD;J David;YES
20538963;Pratt;SR;Sheila R;21632570;Pratt;SR;Sheila R;YES
7843427;Violini;F;F;11432108;Violini;F;F;YES
24063241;Lin;S;Shufang;25196499;Lin;S;S;NO
7432770;Istomina;IS;I S;4782701;Istomina;IS;I S;YES
12265591;Rodgers;G;G;22704711;Rodgers;G;George;NO
7797146;Heynen;MJ;M J;7437475;Heynen;MJ;M J;YES
15717827;Rabady;R;Rabi;19935960;Rabady;R;Rabi;YES
9483175;Cipri;A;A;25924318;Cipri;A;Andrea;NO
19829741;Chen;R;Ru;24636297;Chen;R;Rui;NO
20827768;Sandstr�m;G;Gunnar;21390060;Sandstr�m;G;G;YES
3390226;Perez;A;A;23288995;Perez;A;Alex;NO
27536784;Maca;K;Karel;15168870;Maca;K;K;YES
20375277;Reynolds;PR;Paul R;25730294;Reynolds;PR;Paul R;YES
26277996;Wang;D;Deren;25166155;Wang;D;D;NO
27891249;Quinn;PA;Paulene A;26766169;Quinn;PA;Paulene A;YES
27216920;Gouveia;GR;Gisele Rodrigues;23323070;Gouveia;GR;Gisele Rodrigues;YES
26781483;Sun;G;Gang;26361423;Sun;G;Gang;NO
6609027;Satomura;S;S;27889457;Satomura;S;Shigeko;NO
27598972;Zhang;J;Jing;25168466;Zhang;J;Jing;NO
2626807;Grundy;M;M;27741190;Grundy;M;Maureen;NO
17682345;Kirby;J;Janine;25183586;Kirby;J;J;NO
14618644;Gold;DR;Diane R;22092655;Gold;DR;D R;YES
19321456;Warren;CM;Chad M;23873795;Warren;CM;Chad M;YES
20961626;Buchman;VL;Vladimir L;23867462;Buchman;VL;Vladimir L;YES
26940980;Kamal;A;Ahmed;27136962;Kamal;A;Ahmed;NO
17855486;Katzel;JA;Jed A;26111050;Katzel;JA;Jed A;YES
10013178;Ruddick;K;null;10017306;Ruddick;K;null;YES
27883291;Tavanti;E;Elisa;27898692;Tavanti;E;Elisa;YES
12193490;Toyooka;H;Hidenori;23568117;Toyooka;H;H;YES
3747943;Parthasarathy;KL;K L;12446749;Parthasarathy;KL;K Laxman;YES
26233776;Mitropoulos;F;Fotios;24578406;Mitropoulos;F;Fotios;YES
15957051;de Lill;DT;Daniel T;27472192;de Lill;DT;Daniel T;YES
5871420;Nemiro;DA;D A;5872859;Nemiro;DA;D A;YES
8115416;Tobe�a;A;A;26347624;Tobe�a;A;Adolf;YES
11027997;McReynolds;KD;null;10223978;McReynolds;C;null;NO
8075004;Abbas;A;A;23846800;Abbas;A;Abdulla;NO
27493369;Abdullah;MA;Mohamed A;22473185;Abdullah;MA;Mohamed A;NO
25272982;Abe;A;Atsushi;27797069;Abe;A;Atsushi;NO
26545096;Abraham;A;Alon;21743672;Abraham;A;A;NO
25238331;Achumi;B;Bovito;24773245;Achumi;B;Bovito;YES
18614261;Aguila;MB;Marcia Barbosa;24627299;Aguila;MB;Marcia Barbosa;YES
18233044;Aguirre;J;Jacobo;23272072;Aguirre;J;Jacobo;YES
25473812;Aherrera;AD;Angela D;23804596;Aherrera;AD;Angela D;YES
9792863;Aizencang;G;G;9834209;Aizencang;G;G;YES
19533214;Ajami;G;Gholamhossein;25177672;Ajami;G;Gholamhossein;YES
24185461;Aleman;A;Andr�;27890810;Aleman;A;Andr�;YES
20604526;Alem�n;B;Benjam�n;21770385;Alem�n;B;Benjam�n;YES
27314715;Alfaro Molina;R;R;22463524;AlfaroMolina;R;R;YES
19548164;Al Hourani;H;Huda;19895176;Al-Hourani;H;H;YES
18498262;Ali?;A;Amer;27938443;Ali?;A;Amer;YES
23112904;Ali;KM;Kazi M;23633838;Ali;KM;Kazi M;YES
25991416;Alkayed;NJ;Nabil J;27887858;Alkayed;NJ;Nabil J;YES
26033162;Al-Khaled;M;M;27710967;Al-Khaled;M;Mohamed;YES
9029030;Altn�der;M;M;8640166;Altn�der;M;M;YES
15539606;Altschuler;SJ;Steven J;22341450;Altschuler;SJ;Steven J;YES
12451569;Alvarez-Ferreira;J;Javier;11835349;Alvarez-Ferreira;J;Javier;YES
6102924;Ambadkar;PM;P M;14209996;AMBADKAR;PM;P M;YES
22450255;Amonette;WE;William E;22935575;Amonette;WE;William E;YES
26256782;Andreani;M;M;24646331;Andreani;M;M;YES
22488001;Andriessen;TM;Teuntje M J C;21939390;Andriessen;TM;Teuntje M J C;YES
18751433;Annane;K;Kadour;16139543;Annane;K;K;YES
26907375;Antonazzo;P;Patrizio;19443911;Antonazzo;P;Patrizio;YES
25488572;Antona;B;Beatriz;21736550;Antona;B;B;YES
11408949;Apfelstedt-Sylla;E;E;11999623;Apfelstedt-Sylla;E;Eckart;YES
19946781;Arai;H;Hiroyuki;23868612;Arai;H;Hiroyuki;YES
22001347;Arioli;I;Ivano;26700622;Arioli;I;Ivano;YES
24555631;Arriv�;L;Lionel;23273497;Arriv�;L;Lionel;YES
16956634;Ashurmetov;O;Ozodbek;18404331;Ashurmetov;O;Ozodbek;YES
27159833;Atkin;OK;Owen K;23278298;Atkin;OK;Owen K; YES
15581376;Ausi�;J;Juan;25914933;Ausio;J;Juan;YES
25122294;Az�ma;E;Emilien;27841540;Az�ma;E;Emilien;YES
25568186;Baatartsogt;T;Tugsbaatar;23053526;Baatartsogt;T;Tugsbaatar;YES
27351235;Bachion;GH;Guilherme Hipolito;24707937;Bachion;GH;G H;YES
22439338;Bancerz-Kisiel;A;A;26403101;Bancerz-Kisiel;A;Agata;YES
15693999;Bardes;S;Suzanne;23020625;Bardes;S;Suzanne;YES
22546208;Barros;FW;Francisco W A;21830773;Barros;FW;Francisco W A;YES
7538177;Barry;RD;R D;19139835;Barry;RD;Richard D;YES
18871272;BARTON;DH;D H R;20340311;BARTON;DH;D H R;YES
21293371;Batalha;NM;Natalie M;22722196;Batalha;NM;Natalie M;YES
27517765;Baus;C;C;23679709;Baus;C;C;YES
17902479;Bayona Are�as;S;S;20540877;Bayona Arenas;S;S;YES
23894128;Bekki;Y;Yuki;25472646;Bekki;Y;Yuki;YES
27566829;Bell;LS;Lewis S;27102483;Bell;LS;Lewis S;YES
2530390;Beloiartsev;DF;D F;21389954;Beloiartsev;DF;D F;YES
27174469;Belot;MP;Marie-Pierre;23874506;Belot;MP;Marie-Pierre;YES
4292924;B�n�roso;A;A;4302112;Beneroso;A;A;YES
22222849;Bener;A;Abdulbari;27453860;Bener;A;Abdulbari;YES
25383015;Bennear;L;Lori;23997355;Bennear;L;Lori;YES
21085933;Benthien;JP;Jan P;23917852;Benthien;JP;Jan P;YES
27750091;Bertaux-Skeirik;N;Nina;27246019;Bertaux-Skeirik;N;Nina;YES
24523116;Bhoopathy;S;Sid;27706385;Bhoopathy;S;Sid;YES
10233671;Blesken;T;T;9720818;Blesken;T;T;YES
21099438;Blyakher;A;Arkady;21886542;Blyakher;A;Arkady;YES
26770067;Bocci;A;A;;;;;
9467692;Bocconi;L;L;9708446;Bocconi;L;L;YES
25465008;Bockx;M;Marc;25488930;Bockx;M;Marc;YES
4890788;Bocskor;A;A;5523457;Bocskor;A;A;YES
14992170;Boldrini;A;A;22728609;Boldrini;A;A;YES
21417680;Bolic;V;Vedrana;23330918;Bolic;V;Vedrana;YES
25839208;Bonmati-Carrion;MA;M A;25526564;Bonmati-Carrion;MA;Maria Angeles;YES
19581842;Braekke;K;Kristin;19135290;Braekke;K;Kristin;YES
20734347;Brand�o;O;O;24943331;Brand�o;O;Ot�lia;YES
27882769;Brandejsk�;M;M;24040990;Brandejsk�;M;M;YES
22249625;Branovan;D;Daniel;22101504;Branovan;D;Daniel;YES
17169506;Brasseur;SM;S M J M;12037594;Brasseur;SM;S M J M;YES
2117559;Bratty;J;J;8929389;Bratty;J;J;YES
22567904;Bre?gina;MA;M A;22594282;Bre?gina;MA;M A;YES
9806872;Breijo;M;M;21592667;Breijo;M;Mart�n;YES
18977344;Broitman-Maduro;G;Gina;22118280;Broitman-Maduro;G;Gina;YES
23344663;Brotin;E;Emilie;24650799;Brotin;E;Emilie;YES
13823685;BRUNO;RO;R O;13380503;BRUNO;RO;R O;YES
7303628;Bukovskaia;SN;S N;6636697;Bukovskaia;SN;S N;YES
22684938;Burette;AC;Alain C;22988142;Burette;AC;Alain C;YES
25674549;Buti;G;Gabriella;26535180;Buti;G;G;YES
19507131;Cabrera-Naranjo;F;F;27439490;Cabrera-Naranjo;F;F;YES
25476696;Caesar;R;Robert;23395911;Caesar;R;Robert;YES
23826880;Carocci;A;Alessia;25723511;Carocci;A;Alessia;YES
10032867;Cassell;RE;null;10059683;Cassell;R;null;YES
25862220;Castanera;R;Ra�l;22069155;Castanera;R;Ra�l;YES
12478088;Castelli;F;Francesco;23851245;Castelli;F;Francesco;YES
22750169;Caumette;G;Guilhem;26067210;Caumette;G;Guilhem;YES
6341413;Cavigli;R;R;2832790;Cavigli;R;R;YES
18952760;Chaigneau;L;L;22066036;Chaigneau;L;Lo�c;YES
239394;Champney;B;B;4215069;Champney;B;B;YES
27102198;Chaudry;I;Imran;22345109;Chaudry;I;Imran;YES
21114206;Chau-in;W;Waraporn;21591531;Chau-In;W;Waraporn;YES
23012294;Cheon;IS;In Su;23869549;Cheon;IS;In Su;YES
22564025;Choi;YH;Yung Hyun;22079975;Choi;YH;Yung Hyun;YES
27209156;Christiani;Y;Yodi;27880091;Christiani;Y;Yodi;YES
21631609;Chua;KY;K Y;27733553;Chua;KY;Kaw Yan;YES
20039350;Cipolla;L;Laura;24625037;Cipolla;L;Laura;YES
23668224;Collins;AV;Andrew V;18566472;Collins;AV;Andrew V;YES
24117942;Colom-Cadena;M;Mart�;27490935;Colom-Cadena;M;Mart�;YES
8607486;Combs;MJ;M J;9168699;Combs;MJ;M J;YES
20645757;Conserva;LM;Lucia M;22011220;Conserva;LM;Lucia M;YES
17797797;Contag;AO;A O;4285659;Contag;AO;A O;YES
26223380;Cordeiro;SM;Soraia Machado;27599851;Cordeiro;SM;Soraia Machado;YES
21490402;Correa;P;Pelayo;25174398;Correa;P;P;YES
15768501;Cortez-Rocha;MO;M O;26049241;Cortez-Rocha;MO;Mario Onofre;YES
16892390;Cosconati;S;Sandro;22088955;Cosconati;S;Sandro;YES
22066937;Creatsa;M;M;25180713;Creatsa;M;Maria;YES
27489289;Croessmann;S;Sarah;25367220;Croessmann;S;Sarah;YES
19053587;Cruz-Gregorio;S;Silvano;25238507;Cruz-Gregorio;S;Silvano;YES
26498133;Curran;JE;Joanne E;23868910;Curran;JE;Joanne E;YES
25288762;Czabotar;PE;Peter E;21366295;Czabotar;PE;Peter E;YES
27297677;Czarna;M;Malgorzata;24662487;Czarna;M;Malgorzata;YES
21760743;Dabade;TS;Tushar S;21756157;Dabade;TS;Tushar S;YES
26587077;Daca;T;Tim�teo;25473837;Daca;T;Tim�teo;YES
11886764;D'Auria;A;Annamaria;11795654;D'Auria;A;A;YES
24156670;Dauwe;I;Ine;23273130;Dauwe;I;Ine;YES
158422;Dayrens;P;P;6251568;Dayrens;P;P;YES
17332612;de Bruin;K;Kora;21755053;de Bruin;K;Kora;YES
26148326;Deckx;L;Laura;25914244;Deckx;L;Laura;YES
2715286;Degen;PH;P H;6643622;Degen;PH;P H;YES
14230770;DEGOY;null;null;13377343;DEGOY;null;null;YES
7349170;Del Giglio;G;G;6241911;Del Giglio;G;G;YES
6638305;Dematons;C;C;6633767;Dematons;C;C;YES
24268814;Demirsoy;MS;Mehmet S;24649828;Demirsoy;MS;M S;YES
22268129;de Moraes;JC;Jos� C�ssio;24726406;de Moraes;JC;Jos� C�ssio;YES
14979130;de Nichilo;G;G;20183198;de Nichilo;G;Gigliola;YES
1624704;Deser;T;T;2009448;Deser;T;T;YES
20939954;De Sol;A;A;23866674;De Sol;A;Angelo;YES
15869654;Desotgiu;R;Rosanna;22848090;Desotgiu;R;Rosanna;YES
25465142;Dhong;HJ;Hun-Jong;27456589;Dhong;HJ;Hun-Jong;YES
25838796;Diaz;MA;M A;;;;;
27202150;DI Dato;E;E;23075891;Di Dato;E;Eugenio;YES
13438876;DIEN;LT;L T;13224670;DIEN;LT;L T;YES
15804452;Diong;SM;Siew Maan;22021436;Diong;SM;S M;YES
16641472;Dokomajilar;C;Christian;20686079;Dokomajilar;C;Christian;YES
6885804;Dommes;V;V;7342097;Dommes;V;V;YES
20339634;do Prado;TN;Thiago Nascimento;23670461;do Prado;TN;Thiago Nascimento;YES
20109458;Douhard;Q;Quentin;22720075;Douhard;Q;Quentin;YES
18197946;Draaisma;WA;W A;22726304;Draaisma;WA;W A;YES
24297463;Drosos;M;Marios;26836017;Drosos;M;Marios;YES
13437337;DUBEN;Z;Z;13437339;DUBEN;Z;Z;YES
23205986;Dupuis;P;Paul;21992286;Dupuis;P;Paul;YES
17484878;Durgam;G;Gangadhar;12695531;Durgam;G;Gangadhar;YES
17972236;Eddleman;K;Keith;18639217;Eddleman;K;Keith;YES
7485046;Egbagbe;E;E;19208211;Egbagbe;E;Eruke;YES
8462158;Eleftheriades;EG;E G;8074187;Eleftheriades;EG;E G;YES
22902931;Erfantalab;M;Malihe;24577255;Erfantalab;M;Malihe;YES
17443474;Escombe;AR;A Roderick;21943839;Escombe;AR;A R;YES
15355905;Esslimani-Sahla;M;Majida;18497038;Esslimani-Sahla;M;Majida;YES
21981636;Etrych;T;Tom�;27871991;Etrych;T;Tom�;YES
9957520;Fajfer;S;null;10013101;Fajfer;S;null;YES
27106670;Guo;H;Heming;24647639;Guo;H;Hu;NO
22552959;Huang;Z;Zufang;27881002;Huang;Z;Z;NO
26190936;King;RS;R S B;21770629;King;RS;R S B;
12909571;Niculescu;F;Florin;26091721;Niculescu;F;Florin; YES
15843380;Philipova;R;Rada;19665013;Philipova;R;R; YES
20416076;Su;ZJ;Zhi-Jian;24642565;Su;Z;Zhijian;NO
12424613;Tchaikovski;V;V;25920030;Tchaikovski;V;V; YES
26487539;Wei;Y;Yifang;27889204;Wei;Y;Y;NO
26261514;Xu;B;Biao;23863678;Xu;B;Bo;NO
24288453;Yang;G;Guangxiao;27876503;Yang;G;Ge;NO
18547453;Zhang;T;Ting;22710881;Zhang;T;Ting;NO
17275294;Zhang;Y;Yazhou;25906099;Zhang;Y;Yu;NO
23589837;Zhao;ZG;Zhi-Gang;27159245;Zhao;Z;Zhigang;NO
