1	王	wang
2	李	li
3	张	zhang
4	刘	liu
5	陈	chen
6	杨	yang
7	黄	huang
8	赵	zhao
9	吴	wu
10	周	zhou
11	徐	xu
12	孙	sun
13	马	ma
14	朱	zhu
15	胡	hu
16	郭	guo
17	何	he
18	林	lin
19	高	gao
20	罗	luo
21	郑	zheng
22	梁	liang
23	谢	xie
24	宋	song
25	唐	tang
26	许	xu
27	邓	deng
28	韩	han
29	冯	feng
30	曹	cao
31	彭	peng
32	曾	ceng
33	萧	xiao
34	田	tian
35	董	dong
36	潘	pan
37	袁	yuan
38	蔡	cai
39	蒋	jiang
40	余	yu
41	于	yu
42	杜	du
43	叶	ye
44	程	cheng
45	魏	wei
46	苏	su
47	吕	lv
48	丁	ding
49	任	ren
50	卢	lu
51	姚	yao
52	沈	shen
53	钟	zhong
54	姜	jiang
55	崔	cui
56	谭	tan
57	陆	lu
58	汪	wang
59	范	fan
60	廖	liao
61	石	shi
62	金	jin
63	韦	wei
64	贾	jia
65	夏	xia
66	傅	fu
67	方	fang
68	邹	zou
69	熊	xiong
70	白	bai
71	孟	meng
72	秦	qin
73	邱	qiu
74	侯	hou
75	江	jiang
76	尹	yin
77	薛	xue
78	阎	yan
79	雷	lei
80	龙	long
81	黎	li
82	史	shi
83	陶	tao
84	贺	he
85	毛	mao
86	段	duan
87	郝	hao
88	顾	gu
89	龚	gong
90	邵	shao
91	覃	tan
92	武	wu
93	钱	qian
94	戴	dai
95	严	yan
96	莫	mo
97	孔	kong
98	向	xiang
99	常	chang
100	汤	tang
